"id","country","country_e","year","month","Date","station","NOx"
1,"高雄市","Kaohsiung","2019",11,"Nov-19","仁武",21.75
2,"高雄市","Kaohsiung","2019",11,"Nov-19","小港",28.99
3,"高雄市","Kaohsiung","2019",11,"Nov-19","橋頭",18.25
4,"高雄市","Kaohsiung","2019",11,"Nov-19","大寮",21.9
5,"高雄市","Kaohsiung","2019",11,"Nov-19","復興",27.2
6,"高雄市","Kaohsiung","2019",11,"Nov-19","左營",18.04
7,"高雄市","Kaohsiung","2019",11,"Nov-19","前鎮",25.84
8,"高雄市","Kaohsiung","2019",11,"Nov-19","鳳山",23.98
9,"高雄市","Kaohsiung","2019",11,"Nov-19","楠梓",19.75
10,"高雄市","Kaohsiung","2019",11,"Nov-19","美濃",9.72
11,"高雄市","Kaohsiung","2019",11,"Nov-19","林園",16.15
12,"高雄市","Kaohsiung","2019",11,"Nov-19","前金",17.95
13,"高雄市","Kaohsiung","2019",10,"Oct-19","仁武",15.13
14,"高雄市","Kaohsiung","2019",10,"Oct-19","大寮",14.91
15,"高雄市","Kaohsiung","2019",10,"Oct-19","林園",8.41
16,"高雄市","Kaohsiung","2019",10,"Oct-19","鳳山",17.23
17,"高雄市","Kaohsiung","2019",10,"Oct-19","小港",19.5
18,"高雄市","Kaohsiung","2019",10,"Oct-19","美濃",7.76
19,"高雄市","Kaohsiung","2019",10,"Oct-19","復興",19.37
20,"高雄市","Kaohsiung","2019",10,"Oct-19","前鎮",19.17
21,"高雄市","Kaohsiung","2019",10,"Oct-19","前金",13.24
22,"高雄市","Kaohsiung","2019",10,"Oct-19","楠梓",15.36
23,"高雄市","Kaohsiung","2019",10,"Oct-19","左營",12.94
24,"高雄市","Kaohsiung","2019",10,"Oct-19","橋頭",13.31
25,"高雄市","Kaohsiung","2019",9,"Sep-19","小港",18.66
26,"高雄市","Kaohsiung","2019",9,"Sep-19","林園",7.45
27,"高雄市","Kaohsiung","2019",9,"Sep-19","前金",11.76
28,"高雄市","Kaohsiung","2019",9,"Sep-19","復興",18.05
29,"高雄市","Kaohsiung","2019",9,"Sep-19","鳳山",15.09
30,"高雄市","Kaohsiung","2019",9,"Sep-19","橋頭",11.63
31,"高雄市","Kaohsiung","2019",9,"Sep-19","大寮",12.38
32,"高雄市","Kaohsiung","2019",9,"Sep-19","美濃",5.8
33,"高雄市","Kaohsiung","2019",9,"Sep-19","左營",11.5
34,"高雄市","Kaohsiung","2019",9,"Sep-19","仁武",13
35,"高雄市","Kaohsiung","2019",9,"Sep-19","前鎮",18.54
36,"高雄市","Kaohsiung","2019",9,"Sep-19","楠梓",14.13
37,"高雄市","Kaohsiung","2019",8,"Aug-19","美濃",3.92
38,"高雄市","Kaohsiung","2019",8,"Aug-19","鳳山",14.25
39,"高雄市","Kaohsiung","2019",8,"Aug-19","林園",6.77
40,"高雄市","Kaohsiung","2019",8,"Aug-19","大寮",11.52
41,"高雄市","Kaohsiung","2019",8,"Aug-19","仁武",11.86
42,"高雄市","Kaohsiung","2019",8,"Aug-19","橋頭",10.4
43,"高雄市","Kaohsiung","2019",8,"Aug-19","左營",12.56
44,"高雄市","Kaohsiung","2019",8,"Aug-19","楠梓",14.17
45,"高雄市","Kaohsiung","2019",8,"Aug-19","前金",13.65
46,"高雄市","Kaohsiung","2019",8,"Aug-19","前鎮",21.59
47,"高雄市","Kaohsiung","2019",8,"Aug-19","復興",18.53
48,"高雄市","Kaohsiung","2019",8,"Aug-19","小港",19.66
49,"高雄市","Kaohsiung","2019",7,"Jul-19","鳳山",13.34
50,"高雄市","Kaohsiung","2019",7,"Jul-19","林園",6.8
51,"高雄市","Kaohsiung","2019",7,"Jul-19","大寮",11.27
52,"高雄市","Kaohsiung","2019",7,"Jul-19","仁武",11.58
53,"高雄市","Kaohsiung","2019",7,"Jul-19","橋頭",11.2
54,"高雄市","Kaohsiung","2019",7,"Jul-19","小港",17.71
55,"高雄市","Kaohsiung","2019",7,"Jul-19","左營",13.81
56,"高雄市","Kaohsiung","2019",7,"Jul-19","楠梓",15.68
57,"高雄市","Kaohsiung","2019",7,"Jul-19","前金",14.36
58,"高雄市","Kaohsiung","2019",7,"Jul-19","前鎮",20.93
59,"高雄市","Kaohsiung","2019",7,"Jul-19","復興",17.59
60,"高雄市","Kaohsiung","2019",7,"Jul-19","美濃",4.49
61,"高雄市","Kaohsiung","2019",6,"Jun-19","鳳山",13.78
62,"高雄市","Kaohsiung","2019",6,"Jun-19","林園",7.15
63,"高雄市","Kaohsiung","2019",6,"Jun-19","大寮",12.28
64,"高雄市","Kaohsiung","2019",6,"Jun-19","仁武",11.44
65,"高雄市","Kaohsiung","2019",6,"Jun-19","橋頭",11.33
66,"高雄市","Kaohsiung","2019",6,"Jun-19","小港",17.15
67,"高雄市","Kaohsiung","2019",6,"Jun-19","左營",13.24
68,"高雄市","Kaohsiung","2019",6,"Jun-19","楠梓",15.16
69,"高雄市","Kaohsiung","2019",6,"Jun-19","前金",13.36
70,"高雄市","Kaohsiung","2019",6,"Jun-19","前鎮",20.38
71,"高雄市","Kaohsiung","2019",6,"Jun-19","復興",NA
72,"高雄市","Kaohsiung","2019",6,"Jun-19","美濃",5.17
73,"高雄市","Kaohsiung","2019",5,"May-19","鳳山",16.37
74,"高雄市","Kaohsiung","2019",5,"May-19","林園",7.73
75,"高雄市","Kaohsiung","2019",5,"May-19","大寮",14.78
76,"高雄市","Kaohsiung","2019",5,"May-19","仁武",14.99
77,"高雄市","Kaohsiung","2019",5,"May-19","橋頭",12.71
78,"高雄市","Kaohsiung","2019",5,"May-19","小港",22.55
79,"高雄市","Kaohsiung","2019",5,"May-19","左營",12.44
80,"高雄市","Kaohsiung","2019",5,"May-19","楠梓",14.91
81,"高雄市","Kaohsiung","2019",5,"May-19","前金",13.48
82,"高雄市","Kaohsiung","2019",5,"May-19","前鎮",21.71
83,"高雄市","Kaohsiung","2019",5,"May-19","復興",20.31
84,"高雄市","Kaohsiung","2019",5,"May-19","美濃",6.52
85,"高雄市","Kaohsiung","2019",4,"Apr-19","鳳山",18.06
86,"高雄市","Kaohsiung","2019",4,"Apr-19","林園",11.03
87,"高雄市","Kaohsiung","2019",4,"Apr-19","大寮",16.54
88,"高雄市","Kaohsiung","2019",4,"Apr-19","仁武",15.51
89,"高雄市","Kaohsiung","2019",4,"Apr-19","橋頭",13.2
90,"高雄市","Kaohsiung","2019",4,"Apr-19","小港",21.83
91,"高雄市","Kaohsiung","2019",4,"Apr-19","左營",12.4
92,"高雄市","Kaohsiung","2019",4,"Apr-19","楠梓",15.33
93,"高雄市","Kaohsiung","2019",4,"Apr-19","前金",13.75
94,"高雄市","Kaohsiung","2019",4,"Apr-19","前鎮",20.26
95,"高雄市","Kaohsiung","2019",4,"Apr-19","復興",18.63
96,"高雄市","Kaohsiung","2019",4,"Apr-19","美濃",7.98
97,"高雄市","Kaohsiung","2019",3,"Mar-19","鳳山",22.95
98,"高雄市","Kaohsiung","2019",3,"Mar-19","林園",16.06
99,"高雄市","Kaohsiung","2019",3,"Mar-19","大寮",19.91
100,"高雄市","Kaohsiung","2019",3,"Mar-19","仁武",20.06
101,"高雄市","Kaohsiung","2019",3,"Mar-19","橋頭",17.36
102,"高雄市","Kaohsiung","2019",3,"Mar-19","小港",27.84
103,"高雄市","Kaohsiung","2019",3,"Mar-19","左營",17.98
104,"高雄市","Kaohsiung","2019",3,"Mar-19","楠梓",19.91
105,"高雄市","Kaohsiung","2019",3,"Mar-19","前金",18.77
106,"高雄市","Kaohsiung","2019",3,"Mar-19","前鎮",26.1
107,"高雄市","Kaohsiung","2019",3,"Mar-19","復興",24.36
108,"高雄市","Kaohsiung","2019",3,"Mar-19","美濃",8.97
109,"高雄市","Kaohsiung","2019",2,"Feb-19","鳳山",22.22
110,"高雄市","Kaohsiung","2019",2,"Feb-19","林園",15.9
111,"高雄市","Kaohsiung","2019",2,"Feb-19","大寮",18.26
112,"高雄市","Kaohsiung","2019",2,"Feb-19","仁武",18.75
113,"高雄市","Kaohsiung","2019",2,"Feb-19","橋頭",16.03
114,"高雄市","Kaohsiung","2019",2,"Feb-19","小港",25.62
115,"高雄市","Kaohsiung","2019",2,"Feb-19","左營",16.8
116,"高雄市","Kaohsiung","2019",2,"Feb-19","楠梓",17.25
117,"高雄市","Kaohsiung","2019",2,"Feb-19","前金",17.6
118,"高雄市","Kaohsiung","2019",2,"Feb-19","前鎮",24.52
119,"高雄市","Kaohsiung","2019",2,"Feb-19","復興",23.61
120,"高雄市","Kaohsiung","2019",2,"Feb-19","美濃",8.6
121,"高雄市","Kaohsiung","2019",1,"Jan-19","鳳山",31.85
122,"高雄市","Kaohsiung","2019",1,"Jan-19","林園",24.35
123,"高雄市","Kaohsiung","2019",1,"Jan-19","大寮",27.88
124,"高雄市","Kaohsiung","2019",1,"Jan-19","仁武",28.02
125,"高雄市","Kaohsiung","2019",1,"Jan-19","橋頭",23.86
126,"高雄市","Kaohsiung","2019",1,"Jan-19","小港",38.01
127,"高雄市","Kaohsiung","2019",1,"Jan-19","左營",22.9
128,"高雄市","Kaohsiung","2019",1,"Jan-19","楠梓",24.46
129,"高雄市","Kaohsiung","2019",1,"Jan-19","前金",23.73
130,"高雄市","Kaohsiung","2019",1,"Jan-19","前鎮",34.48
131,"高雄市","Kaohsiung","2019",1,"Jan-19","復興",34.25
132,"高雄市","Kaohsiung","2019",1,"Jan-19","美濃",11.32
133,"高雄市","Kaohsiung","2018",12,"Dec-18","前鎮",32.58
134,"高雄市","Kaohsiung","2018",12,"Dec-18","大寮",25.84
135,"高雄市","Kaohsiung","2018",12,"Dec-18","林園",22.39
136,"高雄市","Kaohsiung","2018",12,"Dec-18","前金",22.2
137,"高雄市","Kaohsiung","2018",12,"Dec-18","仁武",24.46
138,"高雄市","Kaohsiung","2018",12,"Dec-18","鳳山",28.01
139,"高雄市","Kaohsiung","2018",12,"Dec-18","楠梓",22.89
140,"高雄市","Kaohsiung","2018",12,"Dec-18","復興",31.33
141,"高雄市","Kaohsiung","2018",12,"Dec-18","小港",35.46
142,"高雄市","Kaohsiung","2018",12,"Dec-18","左營",22.21
143,"高雄市","Kaohsiung","2018",12,"Dec-18","橋頭",21.58
144,"高雄市","Kaohsiung","2018",12,"Dec-18","美濃",11.19
145,"高雄市","Kaohsiung","2018",11,"Nov-18","大寮",23.83
146,"高雄市","Kaohsiung","2018",11,"Nov-18","林園",18.06
147,"高雄市","Kaohsiung","2018",11,"Nov-18","鳳山",26.14
148,"高雄市","Kaohsiung","2018",11,"Nov-18","小港",31.94
149,"高雄市","Kaohsiung","2018",11,"Nov-18","美濃",9.76
150,"高雄市","Kaohsiung","2018",11,"Nov-18","橋頭",20.42
151,"高雄市","Kaohsiung","2018",11,"Nov-18","復興",29.25
152,"高雄市","Kaohsiung","2018",11,"Nov-18","前鎮",31.19
153,"高雄市","Kaohsiung","2018",11,"Nov-18","前金",20.79
154,"高雄市","Kaohsiung","2018",11,"Nov-18","楠梓",21.62
155,"高雄市","Kaohsiung","2018",11,"Nov-18","左營",21.16
156,"高雄市","Kaohsiung","2018",11,"Nov-18","仁武",24.3
157,"高雄市","Kaohsiung","2018",10,"Oct-18","楠梓",17.94
158,"高雄市","Kaohsiung","2018",10,"Oct-18","復興",23.85
159,"高雄市","Kaohsiung","2018",10,"Oct-18","小港",24.65
160,"高雄市","Kaohsiung","2018",10,"Oct-18","前金",15.56
161,"高雄市","Kaohsiung","2018",10,"Oct-18","橋頭",16.17
162,"高雄市","Kaohsiung","2018",10,"Oct-18","大寮",17.93
163,"高雄市","Kaohsiung","2018",10,"Oct-18","前鎮",25.65
164,"高雄市","Kaohsiung","2018",10,"Oct-18","左營",16.8
165,"高雄市","Kaohsiung","2018",10,"Oct-18","林園",12.09
166,"高雄市","Kaohsiung","2018",10,"Oct-18","美濃",7.81
167,"高雄市","Kaohsiung","2018",10,"Oct-18","仁武",20.14
168,"高雄市","Kaohsiung","2018",10,"Oct-18","鳳山",20.34
169,"高雄市","Kaohsiung","2018",9,"Sep-18","前金",12.62
170,"高雄市","Kaohsiung","2018",9,"Sep-18","鳳山",15
171,"高雄市","Kaohsiung","2018",9,"Sep-18","林園",7.86
172,"高雄市","Kaohsiung","2018",9,"Sep-18","楠梓",14.19
173,"高雄市","Kaohsiung","2018",9,"Sep-18","橋頭",11.51
174,"高雄市","Kaohsiung","2018",9,"Sep-18","大寮",13.6
175,"高雄市","Kaohsiung","2018",9,"Sep-18","左營",12.89
176,"高雄市","Kaohsiung","2018",9,"Sep-18","仁武",14.12
177,"高雄市","Kaohsiung","2018",9,"Sep-18","復興",19.43
178,"高雄市","Kaohsiung","2018",9,"Sep-18","前鎮",21.07
179,"高雄市","Kaohsiung","2018",9,"Sep-18","小港",20.58
180,"高雄市","Kaohsiung","2018",9,"Sep-18","美濃",4.97
181,"高雄市","Kaohsiung","2018",8,"Aug-18","鳳山",14.52
182,"高雄市","Kaohsiung","2018",8,"Aug-18","小港",22.59
183,"高雄市","Kaohsiung","2018",8,"Aug-18","美濃",3.7
184,"高雄市","Kaohsiung","2018",8,"Aug-18","仁武",12.98
185,"高雄市","Kaohsiung","2018",8,"Aug-18","復興",18.89
186,"高雄市","Kaohsiung","2018",8,"Aug-18","前鎮",23.66
187,"高雄市","Kaohsiung","2018",8,"Aug-18","前金",16.68
188,"高雄市","Kaohsiung","2018",8,"Aug-18","楠梓",17.32
189,"高雄市","Kaohsiung","2018",8,"Aug-18","左營",15.96
190,"高雄市","Kaohsiung","2018",8,"Aug-18","橋頭",12.12
191,"高雄市","Kaohsiung","2018",8,"Aug-18","大寮",11.19
192,"高雄市","Kaohsiung","2018",8,"Aug-18","林園",5.34
193,"高雄市","Kaohsiung","2018",7,"Jul-18","橋頭",10.52
194,"高雄市","Kaohsiung","2018",7,"Jul-18","鳳山",13.35
195,"高雄市","Kaohsiung","2018",7,"Jul-18","美濃",4.41
196,"高雄市","Kaohsiung","2018",7,"Jul-18","前金",14.44
197,"高雄市","Kaohsiung","2018",7,"Jul-18","楠梓",13.59
198,"高雄市","Kaohsiung","2018",7,"Jul-18","前鎮",19.36
199,"高雄市","Kaohsiung","2018",7,"Jul-18","小港",18.23
200,"高雄市","Kaohsiung","2018",7,"Jul-18","仁武",11.87
201,"高雄市","Kaohsiung","2018",7,"Jul-18","大寮",13.88
202,"高雄市","Kaohsiung","2018",7,"Jul-18","左營",13.66
203,"高雄市","Kaohsiung","2018",7,"Jul-18","林園",7.71
204,"高雄市","Kaohsiung","2018",7,"Jul-18","復興",18.34
205,"高雄市","Kaohsiung","2018",6,"Jun-18","前金",13.46
206,"高雄市","Kaohsiung","2018",6,"Jun-18","小港",19.93
207,"高雄市","Kaohsiung","2018",6,"Jun-18","楠梓",15.88
208,"高雄市","Kaohsiung","2018",6,"Jun-18","仁武",12.5
209,"高雄市","Kaohsiung","2018",6,"Jun-18","左營",13.12
210,"高雄市","Kaohsiung","2018",6,"Jun-18","復興",17.67
211,"高雄市","Kaohsiung","2018",6,"Jun-18","美濃",4.69
212,"高雄市","Kaohsiung","2018",6,"Jun-18","橋頭",12
213,"高雄市","Kaohsiung","2018",6,"Jun-18","大寮",11.44
214,"高雄市","Kaohsiung","2018",6,"Jun-18","鳳山",14.53
215,"高雄市","Kaohsiung","2018",6,"Jun-18","前鎮",16.79
216,"高雄市","Kaohsiung","2018",6,"Jun-18","林園",6.85
217,"高雄市","Kaohsiung","2018",5,"May-18","林園",6.12
218,"高雄市","Kaohsiung","2018",5,"May-18","大寮",13.35
219,"高雄市","Kaohsiung","2018",5,"May-18","前鎮",15.08
220,"高雄市","Kaohsiung","2018",5,"May-18","前金",10.1
221,"高雄市","Kaohsiung","2018",5,"May-18","復興",15.08
222,"高雄市","Kaohsiung","2018",5,"May-18","楠梓",14.31
223,"高雄市","Kaohsiung","2018",5,"May-18","小港",17.9
224,"高雄市","Kaohsiung","2018",5,"May-18","美濃",6.62
225,"高雄市","Kaohsiung","2018",5,"May-18","左營",9.91
226,"高雄市","Kaohsiung","2018",5,"May-18","橋頭",11.34
227,"高雄市","Kaohsiung","2018",5,"May-18","仁武",12.45
228,"高雄市","Kaohsiung","2018",5,"May-18","鳳山",15.78
229,"高雄市","Kaohsiung","2018",4,"Apr-18","美濃",7.77
230,"高雄市","Kaohsiung","2018",4,"Apr-18","鳳山",17.13
231,"高雄市","Kaohsiung","2018",4,"Apr-18","林園",10.19
232,"高雄市","Kaohsiung","2018",4,"Apr-18","大寮",16.24
233,"高雄市","Kaohsiung","2018",4,"Apr-18","仁武",15.28
234,"高雄市","Kaohsiung","2018",4,"Apr-18","橋頭",13.74
235,"高雄市","Kaohsiung","2018",4,"Apr-18","左營",12.97
236,"高雄市","Kaohsiung","2018",4,"Apr-18","楠梓",15.85
237,"高雄市","Kaohsiung","2018",4,"Apr-18","前金",12.99
238,"高雄市","Kaohsiung","2018",4,"Apr-18","前鎮",17.75
239,"高雄市","Kaohsiung","2018",4,"Apr-18","復興",19.23
240,"高雄市","Kaohsiung","2018",4,"Apr-18","小港",20.21
241,"高雄市","Kaohsiung","2018",3,"Mar-18","復興",26.96
242,"高雄市","Kaohsiung","2018",3,"Mar-18","橋頭",18.33
243,"高雄市","Kaohsiung","2018",3,"Mar-18","仁武",21.1
244,"高雄市","Kaohsiung","2018",3,"Mar-18","前鎮",24.39
245,"高雄市","Kaohsiung","2018",3,"Mar-18","左營",19.6
246,"高雄市","Kaohsiung","2018",3,"Mar-18","大寮",21.99
247,"高雄市","Kaohsiung","2018",3,"Mar-18","前金",18.23
248,"高雄市","Kaohsiung","2018",3,"Mar-18","小港",27.29
249,"高雄市","Kaohsiung","2018",3,"Mar-18","林園",16.98
250,"高雄市","Kaohsiung","2018",3,"Mar-18","楠梓",21.41
251,"高雄市","Kaohsiung","2018",3,"Mar-18","美濃",9.19
252,"高雄市","Kaohsiung","2018",3,"Mar-18","鳳山",21.45
253,"高雄市","Kaohsiung","2018",2,"Feb-18","橋頭",20.87
254,"高雄市","Kaohsiung","2018",2,"Feb-18","仁武",24.2
255,"高雄市","Kaohsiung","2018",2,"Feb-18","大寮",23.99
256,"高雄市","Kaohsiung","2018",2,"Feb-18","林園",24.13
257,"高雄市","Kaohsiung","2018",2,"Feb-18","鳳山",27.11
258,"高雄市","Kaohsiung","2018",2,"Feb-18","美濃",10.35
259,"高雄市","Kaohsiung","2018",2,"Feb-18","小港",32.38
260,"高雄市","Kaohsiung","2018",2,"Feb-18","復興",32.53
261,"高雄市","Kaohsiung","2018",2,"Feb-18","前鎮",28.57
262,"高雄市","Kaohsiung","2018",2,"Feb-18","前金",22.86
263,"高雄市","Kaohsiung","2018",2,"Feb-18","楠梓",21.14
264,"高雄市","Kaohsiung","2018",2,"Feb-18","左營",22.1
265,"高雄市","Kaohsiung","2018",1,"Jan-18","前金",24.35
266,"高雄市","Kaohsiung","2018",1,"Jan-18","小港",40.23
267,"高雄市","Kaohsiung","2018",1,"Jan-18","林園",26.81
268,"高雄市","Kaohsiung","2018",1,"Jan-18","前鎮",31.43
269,"高雄市","Kaohsiung","2018",1,"Jan-18","美濃",12.1
270,"高雄市","Kaohsiung","2018",1,"Jan-18","橋頭",23.98
271,"高雄市","Kaohsiung","2018",1,"Jan-18","復興",36
272,"高雄市","Kaohsiung","2018",1,"Jan-18","楠梓",24.94
273,"高雄市","Kaohsiung","2018",1,"Jan-18","仁武",28.74
274,"高雄市","Kaohsiung","2018",1,"Jan-18","鳳山",33.04
275,"高雄市","Kaohsiung","2018",1,"Jan-18","左營",25.19
276,"高雄市","Kaohsiung","2018",1,"Jan-18","大寮",29.74
277,"高雄市","Kaohsiung","2017",12,"Dec-17","前鎮",29.78
278,"高雄市","Kaohsiung","2017",12,"Dec-17","大寮",26.9
279,"高雄市","Kaohsiung","2017",12,"Dec-17","林園",26.22
280,"高雄市","Kaohsiung","2017",12,"Dec-17","前金",24.07
281,"高雄市","Kaohsiung","2017",12,"Dec-17","仁武",27.02
282,"高雄市","Kaohsiung","2017",12,"Dec-17","鳳山",30.2
283,"高雄市","Kaohsiung","2017",12,"Dec-17","楠梓",22.45
284,"高雄市","Kaohsiung","2017",12,"Dec-17","復興",34.16
285,"高雄市","Kaohsiung","2017",12,"Dec-17","小港",35.22
286,"高雄市","Kaohsiung","2017",12,"Dec-17","左營",23.91
287,"高雄市","Kaohsiung","2017",12,"Dec-17","橋頭",22.88
288,"高雄市","Kaohsiung","2017",12,"Dec-17","美濃",11.85
289,"高雄市","Kaohsiung","2017",11,"Nov-17","大寮",25.91
290,"高雄市","Kaohsiung","2017",11,"Nov-17","林園",21.28
291,"高雄市","Kaohsiung","2017",11,"Nov-17","鳳山",29.61
292,"高雄市","Kaohsiung","2017",11,"Nov-17","小港",34.44
293,"高雄市","Kaohsiung","2017",11,"Nov-17","美濃",10.67
294,"高雄市","Kaohsiung","2017",11,"Nov-17","橋頭",20.65
295,"高雄市","Kaohsiung","2017",11,"Nov-17","復興",33.28
296,"高雄市","Kaohsiung","2017",11,"Nov-17","前鎮",29.34
297,"高雄市","Kaohsiung","2017",11,"Nov-17","前金",21.58
298,"高雄市","Kaohsiung","2017",11,"Nov-17","楠梓",19.77
299,"高雄市","Kaohsiung","2017",11,"Nov-17","左營",23.05
300,"高雄市","Kaohsiung","2017",11,"Nov-17","仁武",26.1
301,"高雄市","Kaohsiung","2017",10,"Oct-17","楠梓",17.23
302,"高雄市","Kaohsiung","2017",10,"Oct-17","復興",24.08
303,"高雄市","Kaohsiung","2017",10,"Oct-17","小港",23.61
304,"高雄市","Kaohsiung","2017",10,"Oct-17","前金",16.1
305,"高雄市","Kaohsiung","2017",10,"Oct-17","橋頭",16.15
306,"高雄市","Kaohsiung","2017",10,"Oct-17","大寮",18.9
307,"高雄市","Kaohsiung","2017",10,"Oct-17","前鎮",19.98
308,"高雄市","Kaohsiung","2017",10,"Oct-17","左營",19.51
309,"高雄市","Kaohsiung","2017",10,"Oct-17","林園",12.65
310,"高雄市","Kaohsiung","2017",10,"Oct-17","美濃",8.3
311,"高雄市","Kaohsiung","2017",10,"Oct-17","仁武",18.52
312,"高雄市","Kaohsiung","2017",10,"Oct-17","鳳山",19.78
313,"高雄市","Kaohsiung","2017",9,"Sep-17","前金",12.52
314,"高雄市","Kaohsiung","2017",9,"Sep-17","鳳山",15.18
315,"高雄市","Kaohsiung","2017",9,"Sep-17","林園",8
316,"高雄市","Kaohsiung","2017",9,"Sep-17","楠梓",14.94
317,"高雄市","Kaohsiung","2017",9,"Sep-17","橋頭",13.29
318,"高雄市","Kaohsiung","2017",9,"Sep-17","大寮",13.32
319,"高雄市","Kaohsiung","2017",9,"Sep-17","左營",13.87
320,"高雄市","Kaohsiung","2017",9,"Sep-17","仁武",13.57
321,"高雄市","Kaohsiung","2017",9,"Sep-17","復興",18.86
322,"高雄市","Kaohsiung","2017",9,"Sep-17","前鎮",16.89
323,"高雄市","Kaohsiung","2017",9,"Sep-17","小港",19.93
324,"高雄市","Kaohsiung","2017",9,"Sep-17","美濃",5.64
325,"高雄市","Kaohsiung","2017",8,"Aug-17","鳳山",14.44
326,"高雄市","Kaohsiung","2017",8,"Aug-17","小港",18.57
327,"高雄市","Kaohsiung","2017",8,"Aug-17","美濃",4.08
328,"高雄市","Kaohsiung","2017",8,"Aug-17","仁武",12.48
329,"高雄市","Kaohsiung","2017",8,"Aug-17","復興",17.93
330,"高雄市","Kaohsiung","2017",8,"Aug-17","前鎮",16.41
331,"高雄市","Kaohsiung","2017",8,"Aug-17","前金",11.29
332,"高雄市","Kaohsiung","2017",8,"Aug-17","楠梓",14.3
333,"高雄市","Kaohsiung","2017",8,"Aug-17","左營",12.7
334,"高雄市","Kaohsiung","2017",8,"Aug-17","橋頭",11.71
335,"高雄市","Kaohsiung","2017",8,"Aug-17","大寮",13.5
336,"高雄市","Kaohsiung","2017",8,"Aug-17","林園",7.34
337,"高雄市","Kaohsiung","2017",7,"Jul-17","橋頭",11.62
338,"高雄市","Kaohsiung","2017",7,"Jul-17","鳳山",14.37
339,"高雄市","Kaohsiung","2017",7,"Jul-17","美濃",4.62
340,"高雄市","Kaohsiung","2017",7,"Jul-17","前金",13.19
341,"高雄市","Kaohsiung","2017",7,"Jul-17","楠梓",16.19
342,"高雄市","Kaohsiung","2017",7,"Jul-17","前鎮",15.36
343,"高雄市","Kaohsiung","2017",7,"Jul-17","小港",15.78
344,"高雄市","Kaohsiung","2017",7,"Jul-17","仁武",13.23
345,"高雄市","Kaohsiung","2017",7,"Jul-17","大寮",12.05
346,"高雄市","Kaohsiung","2017",7,"Jul-17","左營",15.88
347,"高雄市","Kaohsiung","2017",7,"Jul-17","林園",6.47
348,"高雄市","Kaohsiung","2017",7,"Jul-17","復興",17.07
349,"高雄市","Kaohsiung","2017",6,"Jun-17","前金",11.62
350,"高雄市","Kaohsiung","2017",6,"Jun-17","小港",18
351,"高雄市","Kaohsiung","2017",6,"Jun-17","楠梓",14.7
352,"高雄市","Kaohsiung","2017",6,"Jun-17","仁武",11.3
353,"高雄市","Kaohsiung","2017",6,"Jun-17","左營",13.9
354,"高雄市","Kaohsiung","2017",6,"Jun-17","復興",16.62
355,"高雄市","Kaohsiung","2017",6,"Jun-17","美濃",5.08
356,"高雄市","Kaohsiung","2017",6,"Jun-17","橋頭",10.81
357,"高雄市","Kaohsiung","2017",6,"Jun-17","大寮",12.33
358,"高雄市","Kaohsiung","2017",6,"Jun-17","鳳山",14.43
359,"高雄市","Kaohsiung","2017",6,"Jun-17","前鎮",15.02
360,"高雄市","Kaohsiung","2017",6,"Jun-17","林園",6.48
361,"高雄市","Kaohsiung","2017",5,"May-17","林園",9.5
362,"高雄市","Kaohsiung","2017",5,"May-17","大寮",14.76
363,"高雄市","Kaohsiung","2017",5,"May-17","前鎮",17.73
364,"高雄市","Kaohsiung","2017",5,"May-17","前金",13.03
365,"高雄市","Kaohsiung","2017",5,"May-17","復興",20.28
366,"高雄市","Kaohsiung","2017",5,"May-17","楠梓",14.99
367,"高雄市","Kaohsiung","2017",5,"May-17","小港",21.21
368,"高雄市","Kaohsiung","2017",5,"May-17","美濃",7.54
369,"高雄市","Kaohsiung","2017",5,"May-17","左營",16.07
370,"高雄市","Kaohsiung","2017",5,"May-17","橋頭",13.64
371,"高雄市","Kaohsiung","2017",5,"May-17","仁武",14.88
372,"高雄市","Kaohsiung","2017",5,"May-17","鳳山",17.96
373,"高雄市","Kaohsiung","2017",4,"Apr-17","美濃",9.15
374,"高雄市","Kaohsiung","2017",4,"Apr-17","鳳山",20.85
375,"高雄市","Kaohsiung","2017",4,"Apr-17","林園",12.31
376,"高雄市","Kaohsiung","2017",4,"Apr-17","大寮",18.15
377,"高雄市","Kaohsiung","2017",4,"Apr-17","仁武",18.76
378,"高雄市","Kaohsiung","2017",4,"Apr-17","橋頭",15.4
379,"高雄市","Kaohsiung","2017",4,"Apr-17","左營",16.3
380,"高雄市","Kaohsiung","2017",4,"Apr-17","楠梓",17.71
381,"高雄市","Kaohsiung","2017",4,"Apr-17","前金",15.49
382,"高雄市","Kaohsiung","2017",4,"Apr-17","前鎮",20.07
383,"高雄市","Kaohsiung","2017",4,"Apr-17","復興",23.32
384,"高雄市","Kaohsiung","2017",4,"Apr-17","小港",23.97
385,"高雄市","Kaohsiung","2017",3,"Mar-17","復興",28.65
386,"高雄市","Kaohsiung","2017",3,"Mar-17","橋頭",21.1
387,"高雄市","Kaohsiung","2017",3,"Mar-17","仁武",25.01
388,"高雄市","Kaohsiung","2017",3,"Mar-17","前鎮",26
389,"高雄市","Kaohsiung","2017",3,"Mar-17","左營",19.97
390,"高雄市","Kaohsiung","2017",3,"Mar-17","大寮",22.99
391,"高雄市","Kaohsiung","2017",3,"Mar-17","前金",20.26
392,"高雄市","Kaohsiung","2017",3,"Mar-17","小港",31.23
393,"高雄市","Kaohsiung","2017",3,"Mar-17","林園",18.3
394,"高雄市","Kaohsiung","2017",3,"Mar-17","楠梓",22.58
395,"高雄市","Kaohsiung","2017",3,"Mar-17","美濃",12.46
396,"高雄市","Kaohsiung","2017",3,"Mar-17","鳳山",25.77
397,"高雄市","Kaohsiung","2017",2,"Feb-17","橋頭",22.89
398,"高雄市","Kaohsiung","2017",2,"Feb-17","仁武",29.16
399,"高雄市","Kaohsiung","2017",2,"Feb-17","大寮",26.1
400,"高雄市","Kaohsiung","2017",2,"Feb-17","林園",23.63
401,"高雄市","Kaohsiung","2017",2,"Feb-17","鳳山",28.69
402,"高雄市","Kaohsiung","2017",2,"Feb-17","美濃",12.2
403,"高雄市","Kaohsiung","2017",2,"Feb-17","小港",34.5
404,"高雄市","Kaohsiung","2017",2,"Feb-17","復興",33.03
405,"高雄市","Kaohsiung","2017",2,"Feb-17","前鎮",29.53
406,"高雄市","Kaohsiung","2017",2,"Feb-17","前金",23.33
407,"高雄市","Kaohsiung","2017",2,"Feb-17","楠梓",23.29
408,"高雄市","Kaohsiung","2017",2,"Feb-17","左營",23.89
409,"高雄市","Kaohsiung","2017",1,"Jan-17","前金",23.68
410,"高雄市","Kaohsiung","2017",1,"Jan-17","小港",37.96
411,"高雄市","Kaohsiung","2017",1,"Jan-17","林園",26
412,"高雄市","Kaohsiung","2017",1,"Jan-17","前鎮",31.21
413,"高雄市","Kaohsiung","2017",1,"Jan-17","美濃",13.23
414,"高雄市","Kaohsiung","2017",1,"Jan-17","橋頭",24.18
415,"高雄市","Kaohsiung","2017",1,"Jan-17","復興",34.97
416,"高雄市","Kaohsiung","2017",1,"Jan-17","楠梓",24.73
417,"高雄市","Kaohsiung","2017",1,"Jan-17","仁武",29.13
418,"高雄市","Kaohsiung","2017",1,"Jan-17","鳳山",31.79
419,"高雄市","Kaohsiung","2017",1,"Jan-17","左營",24.5
420,"高雄市","Kaohsiung","2017",1,"Jan-17","大寮",28.18
421,"高雄市","Kaohsiung","2016",12,"Dec-16","前鎮",34.9
422,"高雄市","Kaohsiung","2016",12,"Dec-16","大寮",29.83
423,"高雄市","Kaohsiung","2016",12,"Dec-16","林園",27.87
424,"高雄市","Kaohsiung","2016",12,"Dec-16","前金",25.35
425,"高雄市","Kaohsiung","2016",12,"Dec-16","仁武",29.15
426,"高雄市","Kaohsiung","2016",12,"Dec-16","鳳山",33.2
427,"高雄市","Kaohsiung","2016",12,"Dec-16","楠梓",27.54
428,"高雄市","Kaohsiung","2016",12,"Dec-16","復興",38.74
429,"高雄市","Kaohsiung","2016",12,"Dec-16","小港",42.28
430,"高雄市","Kaohsiung","2016",12,"Dec-16","左營",25.53
431,"高雄市","Kaohsiung","2016",12,"Dec-16","橋頭",26.59
432,"高雄市","Kaohsiung","2016",12,"Dec-16","美濃",14.2
433,"高雄市","Kaohsiung","2016",11,"Nov-16","大寮",25.13
434,"高雄市","Kaohsiung","2016",11,"Nov-16","林園",21.23
435,"高雄市","Kaohsiung","2016",11,"Nov-16","鳳山",27.21
436,"高雄市","Kaohsiung","2016",11,"Nov-16","小港",36.38
437,"高雄市","Kaohsiung","2016",11,"Nov-16","美濃",11.05
438,"高雄市","Kaohsiung","2016",11,"Nov-16","橋頭",22.56
439,"高雄市","Kaohsiung","2016",11,"Nov-16","復興",35.82
440,"高雄市","Kaohsiung","2016",11,"Nov-16","前鎮",29.93
441,"高雄市","Kaohsiung","2016",11,"Nov-16","前金",22.93
442,"高雄市","Kaohsiung","2016",11,"Nov-16","楠梓",25.98
443,"高雄市","Kaohsiung","2016",11,"Nov-16","左營",23.16
444,"高雄市","Kaohsiung","2016",11,"Nov-16","仁武",28
445,"高雄市","Kaohsiung","2016",10,"Oct-16","楠梓",19.98
446,"高雄市","Kaohsiung","2016",10,"Oct-16","復興",26.79
447,"高雄市","Kaohsiung","2016",10,"Oct-16","小港",29.68
448,"高雄市","Kaohsiung","2016",10,"Oct-16","前金",17.38
449,"高雄市","Kaohsiung","2016",10,"Oct-16","橋頭",16.17
450,"高雄市","Kaohsiung","2016",10,"Oct-16","大寮",17.17
451,"高雄市","Kaohsiung","2016",10,"Oct-16","前鎮",23.28
452,"高雄市","Kaohsiung","2016",10,"Oct-16","左營",17.99
453,"高雄市","Kaohsiung","2016",10,"Oct-16","林園",11.73
454,"高雄市","Kaohsiung","2016",10,"Oct-16","美濃",7.61
455,"高雄市","Kaohsiung","2016",10,"Oct-16","仁武",18.86
456,"高雄市","Kaohsiung","2016",10,"Oct-16","鳳山",20.77
457,"高雄市","Kaohsiung","2016",9,"Sep-16","前金",16.32
458,"高雄市","Kaohsiung","2016",9,"Sep-16","鳳山",16.81
459,"高雄市","Kaohsiung","2016",9,"Sep-16","林園",9.02
460,"高雄市","Kaohsiung","2016",9,"Sep-16","楠梓",18.06
461,"高雄市","Kaohsiung","2016",9,"Sep-16","橋頭",12.92
462,"高雄市","Kaohsiung","2016",9,"Sep-16","大寮",13.41
463,"高雄市","Kaohsiung","2016",9,"Sep-16","左營",15.83
464,"高雄市","Kaohsiung","2016",9,"Sep-16","仁武",15.43
465,"高雄市","Kaohsiung","2016",9,"Sep-16","復興",21.48
466,"高雄市","Kaohsiung","2016",9,"Sep-16","前鎮",19.62
467,"高雄市","Kaohsiung","2016",9,"Sep-16","小港",22.65
468,"高雄市","Kaohsiung","2016",9,"Sep-16","美濃",5.34
469,"高雄市","Kaohsiung","2016",8,"Aug-16","鳳山",15.05
470,"高雄市","Kaohsiung","2016",8,"Aug-16","小港",20.34
471,"高雄市","Kaohsiung","2016",8,"Aug-16","美濃",4.79
472,"高雄市","Kaohsiung","2016",8,"Aug-16","仁武",14.15
473,"高雄市","Kaohsiung","2016",8,"Aug-16","復興",19.37
474,"高雄市","Kaohsiung","2016",8,"Aug-16","前鎮",17.68
475,"高雄市","Kaohsiung","2016",8,"Aug-16","前金",15.19
476,"高雄市","Kaohsiung","2016",8,"Aug-16","楠梓",17.84
477,"高雄市","Kaohsiung","2016",8,"Aug-16","左營",15.07
478,"高雄市","Kaohsiung","2016",8,"Aug-16","橋頭",12.94
479,"高雄市","Kaohsiung","2016",8,"Aug-16","大寮",13.24
480,"高雄市","Kaohsiung","2016",8,"Aug-16","林園",7.25
481,"高雄市","Kaohsiung","2016",7,"Jul-16","橋頭",11.53
482,"高雄市","Kaohsiung","2016",7,"Jul-16","鳳山",14.56
483,"高雄市","Kaohsiung","2016",7,"Jul-16","美濃",5.17
484,"高雄市","Kaohsiung","2016",7,"Jul-16","前金",12.52
485,"高雄市","Kaohsiung","2016",7,"Jul-16","楠梓",15.25
486,"高雄市","Kaohsiung","2016",7,"Jul-16","前鎮",16.05
487,"高雄市","Kaohsiung","2016",7,"Jul-16","小港",18.32
488,"高雄市","Kaohsiung","2016",7,"Jul-16","仁武",12.71
489,"高雄市","Kaohsiung","2016",7,"Jul-16","大寮",14.3
490,"高雄市","Kaohsiung","2016",7,"Jul-16","左營",12.29
491,"高雄市","Kaohsiung","2016",7,"Jul-16","林園",7.55
492,"高雄市","Kaohsiung","2016",7,"Jul-16","復興",17.02
493,"高雄市","Kaohsiung","2016",6,"Jun-16","前金",14.83
494,"高雄市","Kaohsiung","2016",6,"Jun-16","小港",18
495,"高雄市","Kaohsiung","2016",6,"Jun-16","楠梓",16.33
496,"高雄市","Kaohsiung","2016",6,"Jun-16","仁武",13.89
497,"高雄市","Kaohsiung","2016",6,"Jun-16","左營",13.62
498,"高雄市","Kaohsiung","2016",6,"Jun-16","復興",17.86
499,"高雄市","Kaohsiung","2016",6,"Jun-16","美濃",5.69
500,"高雄市","Kaohsiung","2016",6,"Jun-16","橋頭",11.36
501,"高雄市","Kaohsiung","2016",6,"Jun-16","大寮",12.43
502,"高雄市","Kaohsiung","2016",6,"Jun-16","鳳山",15.19
503,"高雄市","Kaohsiung","2016",6,"Jun-16","前鎮",16.95
504,"高雄市","Kaohsiung","2016",6,"Jun-16","林園",6.31
505,"高雄市","Kaohsiung","2016",5,"May-16","林園",8.42
506,"高雄市","Kaohsiung","2016",5,"May-16","大寮",15.36
507,"高雄市","Kaohsiung","2016",5,"May-16","前鎮",17.59
508,"高雄市","Kaohsiung","2016",5,"May-16","前金",13.71
509,"高雄市","Kaohsiung","2016",5,"May-16","復興",19.52
510,"高雄市","Kaohsiung","2016",5,"May-16","楠梓",16.32
511,"高雄市","Kaohsiung","2016",5,"May-16","小港",22.14
512,"高雄市","Kaohsiung","2016",5,"May-16","美濃",7
513,"高雄市","Kaohsiung","2016",5,"May-16","左營",14.31
514,"高雄市","Kaohsiung","2016",5,"May-16","橋頭",14.02
515,"高雄市","Kaohsiung","2016",5,"May-16","仁武",16.65
516,"高雄市","Kaohsiung","2016",5,"May-16","鳳山",18.33
517,"高雄市","Kaohsiung","2016",4,"Apr-16","美濃",8.34
518,"高雄市","Kaohsiung","2016",4,"Apr-16","鳳山",21.87
519,"高雄市","Kaohsiung","2016",4,"Apr-16","林園",11.63
520,"高雄市","Kaohsiung","2016",4,"Apr-16","大寮",19.39
521,"高雄市","Kaohsiung","2016",4,"Apr-16","仁武",20.39
522,"高雄市","Kaohsiung","2016",4,"Apr-16","橋頭",16.39
523,"高雄市","Kaohsiung","2016",4,"Apr-16","左營",18.62
524,"高雄市","Kaohsiung","2016",4,"Apr-16","楠梓",18.79
525,"高雄市","Kaohsiung","2016",4,"Apr-16","前金",17.66
526,"高雄市","Kaohsiung","2016",4,"Apr-16","前鎮",22.01
527,"高雄市","Kaohsiung","2016",4,"Apr-16","復興",25.09
528,"高雄市","Kaohsiung","2016",4,"Apr-16","小港",26.41
529,"高雄市","Kaohsiung","2016",3,"Mar-16","復興",40.27
530,"高雄市","Kaohsiung","2016",3,"Mar-16","橋頭",24.35
531,"高雄市","Kaohsiung","2016",3,"Mar-16","仁武",31.3
532,"高雄市","Kaohsiung","2016",3,"Mar-16","前鎮",34.32
533,"高雄市","Kaohsiung","2016",3,"Mar-16","左營",27.16
534,"高雄市","Kaohsiung","2016",3,"Mar-16","大寮",30.24
535,"高雄市","Kaohsiung","2016",3,"Mar-16","前金",26.26
536,"高雄市","Kaohsiung","2016",3,"Mar-16","小港",40.79
537,"高雄市","Kaohsiung","2016",3,"Mar-16","林園",23.47
538,"高雄市","Kaohsiung","2016",3,"Mar-16","楠梓",26.5
539,"高雄市","Kaohsiung","2016",3,"Mar-16","美濃",11.83
540,"高雄市","Kaohsiung","2016",3,"Mar-16","鳳山",30.17
541,"高雄市","Kaohsiung","2016",2,"Feb-16","橋頭",21.68
542,"高雄市","Kaohsiung","2016",2,"Feb-16","仁武",26.98
543,"高雄市","Kaohsiung","2016",2,"Feb-16","大寮",30.62
544,"高雄市","Kaohsiung","2016",2,"Feb-16","林園",27.17
545,"高雄市","Kaohsiung","2016",2,"Feb-16","鳳山",29.43
546,"高雄市","Kaohsiung","2016",2,"Feb-16","美濃",12.3
547,"高雄市","Kaohsiung","2016",2,"Feb-16","小港",35.69
548,"高雄市","Kaohsiung","2016",2,"Feb-16","復興",37.29
549,"高雄市","Kaohsiung","2016",2,"Feb-16","前鎮",31.5
550,"高雄市","Kaohsiung","2016",2,"Feb-16","前金",24
551,"高雄市","Kaohsiung","2016",2,"Feb-16","楠梓",21.32
552,"高雄市","Kaohsiung","2016",2,"Feb-16","左營",24.15
553,"高雄市","Kaohsiung","2016",1,"Jan-16","前金",27.43
554,"高雄市","Kaohsiung","2016",1,"Jan-16","小港",44.09
555,"高雄市","Kaohsiung","2016",1,"Jan-16","林園",29.61
556,"高雄市","Kaohsiung","2016",1,"Jan-16","前鎮",37.12
557,"高雄市","Kaohsiung","2016",1,"Jan-16","美濃",12.11
558,"高雄市","Kaohsiung","2016",1,"Jan-16","橋頭",25.65
559,"高雄市","Kaohsiung","2016",1,"Jan-16","復興",42.14
560,"高雄市","Kaohsiung","2016",1,"Jan-16","楠梓",25.39
561,"高雄市","Kaohsiung","2016",1,"Jan-16","仁武",33.9
562,"高雄市","Kaohsiung","2016",1,"Jan-16","鳳山",33.57
563,"高雄市","Kaohsiung","2016",1,"Jan-16","左營",27.37
564,"高雄市","Kaohsiung","2016",1,"Jan-16","大寮",38.28
565,"高雄市","Kaohsiung","2015",12,"Dec-15","前鎮",36.14
566,"高雄市","Kaohsiung","2015",12,"Dec-15","大寮",34.85
567,"高雄市","Kaohsiung","2015",12,"Dec-15","林園",28.49
568,"高雄市","Kaohsiung","2015",12,"Dec-15","前金",26.32
569,"高雄市","Kaohsiung","2015",12,"Dec-15","仁武",33.24
570,"高雄市","Kaohsiung","2015",12,"Dec-15","鳳山",35.37
571,"高雄市","Kaohsiung","2015",12,"Dec-15","楠梓",25.75
572,"高雄市","Kaohsiung","2015",12,"Dec-15","復興",40.84
573,"高雄市","Kaohsiung","2015",12,"Dec-15","小港",43.53
574,"高雄市","Kaohsiung","2015",12,"Dec-15","左營",27.17
575,"高雄市","Kaohsiung","2015",12,"Dec-15","橋頭",26.85
576,"高雄市","Kaohsiung","2015",12,"Dec-15","美濃",13.51
577,"高雄市","Kaohsiung","2015",11,"Nov-15","大寮",25.77
578,"高雄市","Kaohsiung","2015",11,"Nov-15","林園",18.46
579,"高雄市","Kaohsiung","2015",11,"Nov-15","鳳山",26.37
580,"高雄市","Kaohsiung","2015",11,"Nov-15","小港",34.93
581,"高雄市","Kaohsiung","2015",11,"Nov-15","美濃",10.61
582,"高雄市","Kaohsiung","2015",11,"Nov-15","橋頭",19.88
583,"高雄市","Kaohsiung","2015",11,"Nov-15","復興",33.63
584,"高雄市","Kaohsiung","2015",11,"Nov-15","前鎮",29.46
585,"高雄市","Kaohsiung","2015",11,"Nov-15","前金",19.84
586,"高雄市","Kaohsiung","2015",11,"Nov-15","楠梓",20.35
587,"高雄市","Kaohsiung","2015",11,"Nov-15","左營",20.28
588,"高雄市","Kaohsiung","2015",11,"Nov-15","仁武",26.19
589,"高雄市","Kaohsiung","2015",10,"Oct-15","楠梓",17.22
590,"高雄市","Kaohsiung","2015",10,"Oct-15","復興",23.05
591,"高雄市","Kaohsiung","2015",10,"Oct-15","小港",25.37
592,"高雄市","Kaohsiung","2015",10,"Oct-15","前金",16
593,"高雄市","Kaohsiung","2015",10,"Oct-15","橋頭",15.95
594,"高雄市","Kaohsiung","2015",10,"Oct-15","大寮",18.68
595,"高雄市","Kaohsiung","2015",10,"Oct-15","前鎮",21.88
596,"高雄市","Kaohsiung","2015",10,"Oct-15","左營",18.72
597,"高雄市","Kaohsiung","2015",10,"Oct-15","林園",10.66
598,"高雄市","Kaohsiung","2015",10,"Oct-15","美濃",8.13
599,"高雄市","Kaohsiung","2015",10,"Oct-15","仁武",20.49
600,"高雄市","Kaohsiung","2015",10,"Oct-15","鳳山",20.65
601,"高雄市","Kaohsiung","2015",9,"Sep-15","前金",12.97
602,"高雄市","Kaohsiung","2015",9,"Sep-15","鳳山",15.58
603,"高雄市","Kaohsiung","2015",9,"Sep-15","林園",8.65
604,"高雄市","Kaohsiung","2015",9,"Sep-15","楠梓",15
605,"高雄市","Kaohsiung","2015",9,"Sep-15","橋頭",13.37
606,"高雄市","Kaohsiung","2015",9,"Sep-15","大寮",16.67
607,"高雄市","Kaohsiung","2015",9,"Sep-15","左營",14.36
608,"高雄市","Kaohsiung","2015",9,"Sep-15","仁武",15.74
609,"高雄市","Kaohsiung","2015",9,"Sep-15","復興",18.49
610,"高雄市","Kaohsiung","2015",9,"Sep-15","前鎮",17.84
611,"高雄市","Kaohsiung","2015",9,"Sep-15","小港",19.48
612,"高雄市","Kaohsiung","2015",9,"Sep-15","美濃",6.42
613,"高雄市","Kaohsiung","2015",8,"Aug-15","鳳山",15.87
614,"高雄市","Kaohsiung","2015",8,"Aug-15","小港",21.24
615,"高雄市","Kaohsiung","2015",8,"Aug-15","美濃",5.37
616,"高雄市","Kaohsiung","2015",8,"Aug-15","仁武",15.66
617,"高雄市","Kaohsiung","2015",8,"Aug-15","復興",21.1
618,"高雄市","Kaohsiung","2015",8,"Aug-15","前鎮",19.44
619,"高雄市","Kaohsiung","2015",8,"Aug-15","前金",15.31
620,"高雄市","Kaohsiung","2015",8,"Aug-15","楠梓",16.62
621,"高雄市","Kaohsiung","2015",8,"Aug-15","左營",15.26
622,"高雄市","Kaohsiung","2015",8,"Aug-15","橋頭",13.17
623,"高雄市","Kaohsiung","2015",8,"Aug-15","大寮",NA
624,"高雄市","Kaohsiung","2015",8,"Aug-15","林園",8.61
625,"高雄市","Kaohsiung","2015",7,"Jul-15","橋頭",11.18
626,"高雄市","Kaohsiung","2015",7,"Jul-15","鳳山",14
627,"高雄市","Kaohsiung","2015",7,"Jul-15","美濃",5.42
628,"高雄市","Kaohsiung","2015",7,"Jul-15","前金",10.95
629,"高雄市","Kaohsiung","2015",7,"Jul-15","楠梓",14.11
630,"高雄市","Kaohsiung","2015",7,"Jul-15","前鎮",15.29
631,"高雄市","Kaohsiung","2015",7,"Jul-15","小港",17.46
632,"高雄市","Kaohsiung","2015",7,"Jul-15","仁武",13.65
633,"高雄市","Kaohsiung","2015",7,"Jul-15","大寮",10.04
634,"高雄市","Kaohsiung","2015",7,"Jul-15","左營",11.44
635,"高雄市","Kaohsiung","2015",7,"Jul-15","林園",5.96
636,"高雄市","Kaohsiung","2015",7,"Jul-15","復興",15.6
637,"高雄市","Kaohsiung","2015",6,"Jun-15","前金",10.16
638,"高雄市","Kaohsiung","2015",6,"Jun-15","小港",14.47
639,"高雄市","Kaohsiung","2015",6,"Jun-15","楠梓",13.45
640,"高雄市","Kaohsiung","2015",6,"Jun-15","仁武",12.51
641,"高雄市","Kaohsiung","2015",6,"Jun-15","左營",9.66
642,"高雄市","Kaohsiung","2015",6,"Jun-15","復興",14.62
643,"高雄市","Kaohsiung","2015",6,"Jun-15","美濃",6.32
644,"高雄市","Kaohsiung","2015",6,"Jun-15","橋頭",10.83
645,"高雄市","Kaohsiung","2015",6,"Jun-15","大寮",11.18
646,"高雄市","Kaohsiung","2015",6,"Jun-15","鳳山",13.86
647,"高雄市","Kaohsiung","2015",6,"Jun-15","前鎮",13.93
648,"高雄市","Kaohsiung","2015",6,"Jun-15","林園",5.99
649,"高雄市","Kaohsiung","2015",5,"May-15","林園",8.2
650,"高雄市","Kaohsiung","2015",5,"May-15","大寮",15.24
651,"高雄市","Kaohsiung","2015",5,"May-15","前鎮",20.17
652,"高雄市","Kaohsiung","2015",5,"May-15","前金",13.61
653,"高雄市","Kaohsiung","2015",5,"May-15","復興",19.8
654,"高雄市","Kaohsiung","2015",5,"May-15","楠梓",14.93
655,"高雄市","Kaohsiung","2015",5,"May-15","小港",21.33
656,"高雄市","Kaohsiung","2015",5,"May-15","美濃",7.73
657,"高雄市","Kaohsiung","2015",5,"May-15","左營",13.04
658,"高雄市","Kaohsiung","2015",5,"May-15","橋頭",12.56
659,"高雄市","Kaohsiung","2015",5,"May-15","仁武",15.61
660,"高雄市","Kaohsiung","2015",5,"May-15","鳳山",16.55
661,"高雄市","Kaohsiung","2015",4,"Apr-15","美濃",9.92
662,"高雄市","Kaohsiung","2015",4,"Apr-15","鳳山",21.45
663,"高雄市","Kaohsiung","2015",4,"Apr-15","林園",14.66
664,"高雄市","Kaohsiung","2015",4,"Apr-15","大寮",19.05
665,"高雄市","Kaohsiung","2015",4,"Apr-15","仁武",21.46
666,"高雄市","Kaohsiung","2015",4,"Apr-15","橋頭",16.42
667,"高雄市","Kaohsiung","2015",4,"Apr-15","左營",17.31
668,"高雄市","Kaohsiung","2015",4,"Apr-15","楠梓",18.83
669,"高雄市","Kaohsiung","2015",4,"Apr-15","前金",17.88
670,"高雄市","Kaohsiung","2015",4,"Apr-15","前鎮",23.09
671,"高雄市","Kaohsiung","2015",4,"Apr-15","復興",23.34
672,"高雄市","Kaohsiung","2015",4,"Apr-15","小港",26.17
673,"高雄市","Kaohsiung","2015",3,"Mar-15","復興",31.25
674,"高雄市","Kaohsiung","2015",3,"Mar-15","橋頭",22.54
675,"高雄市","Kaohsiung","2015",3,"Mar-15","仁武",28.53
676,"高雄市","Kaohsiung","2015",3,"Mar-15","前鎮",29.62
677,"高雄市","Kaohsiung","2015",3,"Mar-15","左營",23.76
678,"高雄市","Kaohsiung","2015",3,"Mar-15","大寮",24.78
679,"高雄市","Kaohsiung","2015",3,"Mar-15","前金",24.68
680,"高雄市","Kaohsiung","2015",3,"Mar-15","小港",33.41
681,"高雄市","Kaohsiung","2015",3,"Mar-15","林園",20.72
682,"高雄市","Kaohsiung","2015",3,"Mar-15","楠梓",24.55
683,"高雄市","Kaohsiung","2015",3,"Mar-15","美濃",12.92
684,"高雄市","Kaohsiung","2015",3,"Mar-15","鳳山",29.63
685,"高雄市","Kaohsiung","2015",2,"Feb-15","橋頭",22.71
686,"高雄市","Kaohsiung","2015",2,"Feb-15","仁武",28.94
687,"高雄市","Kaohsiung","2015",2,"Feb-15","大寮",25.97
688,"高雄市","Kaohsiung","2015",2,"Feb-15","林園",23.02
689,"高雄市","Kaohsiung","2015",2,"Feb-15","鳳山",29.89
690,"高雄市","Kaohsiung","2015",2,"Feb-15","美濃",12.54
691,"高雄市","Kaohsiung","2015",2,"Feb-15","小港",36.6
692,"高雄市","Kaohsiung","2015",2,"Feb-15","復興",33.4
693,"高雄市","Kaohsiung","2015",2,"Feb-15","前鎮",30.69
694,"高雄市","Kaohsiung","2015",2,"Feb-15","前金",24.79
695,"高雄市","Kaohsiung","2015",2,"Feb-15","楠梓",24.32
696,"高雄市","Kaohsiung","2015",2,"Feb-15","左營",23.98
697,"高雄市","Kaohsiung","2015",1,"Jan-15","前金",27.91
698,"高雄市","Kaohsiung","2015",1,"Jan-15","小港",41.13
699,"高雄市","Kaohsiung","2015",1,"Jan-15","林園",27.06
700,"高雄市","Kaohsiung","2015",1,"Jan-15","前鎮",33.98
701,"高雄市","Kaohsiung","2015",1,"Jan-15","美濃",14.33
702,"高雄市","Kaohsiung","2015",1,"Jan-15","橋頭",26.12
703,"高雄市","Kaohsiung","2015",1,"Jan-15","復興",38.47
704,"高雄市","Kaohsiung","2015",1,"Jan-15","楠梓",29.14
705,"高雄市","Kaohsiung","2015",1,"Jan-15","仁武",34.36
706,"高雄市","Kaohsiung","2015",1,"Jan-15","鳳山",34.14
707,"高雄市","Kaohsiung","2015",1,"Jan-15","左營",27.74
708,"高雄市","Kaohsiung","2015",1,"Jan-15","大寮",30.35
709,"高雄市","Kaohsiung","2014",12,"Dec-14","左營",29.85
710,"高雄市","Kaohsiung","2014",12,"Dec-14","橋頭",28.84
711,"高雄市","Kaohsiung","2014",12,"Dec-14","仁武",36.22
712,"高雄市","Kaohsiung","2014",12,"Dec-14","大寮",33.64
713,"高雄市","Kaohsiung","2014",12,"Dec-14","林園",29.78
714,"高雄市","Kaohsiung","2014",12,"Dec-14","鳳山",39.88
715,"高雄市","Kaohsiung","2014",12,"Dec-14","小港",48.91
716,"高雄市","Kaohsiung","2014",12,"Dec-14","復興",46.36
717,"高雄市","Kaohsiung","2014",12,"Dec-14","前鎮",39.65
718,"高雄市","Kaohsiung","2014",12,"Dec-14","前金",31.19
719,"高雄市","Kaohsiung","2014",12,"Dec-14","楠梓",30.7
720,"高雄市","Kaohsiung","2014",12,"Dec-14","美濃",15.54
721,"高雄市","Kaohsiung","2014",11,"Nov-14","橋頭",22.75
722,"高雄市","Kaohsiung","2014",11,"Nov-14","小港",35.5
723,"高雄市","Kaohsiung","2014",11,"Nov-14","大寮",25.72
724,"高雄市","Kaohsiung","2014",11,"Nov-14","復興",35.21
725,"高雄市","Kaohsiung","2014",11,"Nov-14","美濃",11.17
726,"高雄市","Kaohsiung","2014",11,"Nov-14","左營",21.77
727,"高雄市","Kaohsiung","2014",11,"Nov-14","林園",19.34
728,"高雄市","Kaohsiung","2014",11,"Nov-14","前金",23.23
729,"高雄市","Kaohsiung","2014",11,"Nov-14","仁武",29.9
730,"高雄市","Kaohsiung","2014",11,"Nov-14","楠梓",24.93
731,"高雄市","Kaohsiung","2014",11,"Nov-14","鳳山",28.62
732,"高雄市","Kaohsiung","2014",11,"Nov-14","前鎮",30.31
733,"高雄市","Kaohsiung","2014",10,"Oct-14","左營",17.76
734,"高雄市","Kaohsiung","2014",10,"Oct-14","楠梓",20.8
735,"高雄市","Kaohsiung","2014",10,"Oct-14","前金",18.64
736,"高雄市","Kaohsiung","2014",10,"Oct-14","前鎮",24.54
737,"高雄市","Kaohsiung","2014",10,"Oct-14","復興",27.62
738,"高雄市","Kaohsiung","2014",10,"Oct-14","小港",26.62
739,"高雄市","Kaohsiung","2014",10,"Oct-14","鳳山",21.97
740,"高雄市","Kaohsiung","2014",10,"Oct-14","林園",11.93
741,"高雄市","Kaohsiung","2014",10,"Oct-14","大寮",21.15
742,"高雄市","Kaohsiung","2014",10,"Oct-14","仁武",23.48
743,"高雄市","Kaohsiung","2014",10,"Oct-14","橋頭",18.57
744,"高雄市","Kaohsiung","2014",10,"Oct-14","美濃",9.34
745,"高雄市","Kaohsiung","2014",9,"Sep-14","復興",21.27
746,"高雄市","Kaohsiung","2014",9,"Sep-14","前鎮",19.06
747,"高雄市","Kaohsiung","2014",9,"Sep-14","前金",14.98
748,"高雄市","Kaohsiung","2014",9,"Sep-14","楠梓",15.97
749,"高雄市","Kaohsiung","2014",9,"Sep-14","左營",13.55
750,"高雄市","Kaohsiung","2014",9,"Sep-14","小港",20.39
751,"高雄市","Kaohsiung","2014",9,"Sep-14","橋頭",14
752,"高雄市","Kaohsiung","2014",9,"Sep-14","仁武",16.51
753,"高雄市","Kaohsiung","2014",9,"Sep-14","林園",8.56
754,"高雄市","Kaohsiung","2014",9,"Sep-14","大寮",14.93
755,"高雄市","Kaohsiung","2014",9,"Sep-14","鳳山",15.8
756,"高雄市","Kaohsiung","2014",9,"Sep-14","美濃",5.84
757,"高雄市","Kaohsiung","2014",8,"Aug-14","復興",20.36
758,"高雄市","Kaohsiung","2014",8,"Aug-14","前鎮",18.06
759,"高雄市","Kaohsiung","2014",8,"Aug-14","前金",17.66
760,"高雄市","Kaohsiung","2014",8,"Aug-14","楠梓",15.75
761,"高雄市","Kaohsiung","2014",8,"Aug-14","左營",14.34
762,"高雄市","Kaohsiung","2014",8,"Aug-14","小港",19.79
763,"高雄市","Kaohsiung","2014",8,"Aug-14","橋頭",11.73
764,"高雄市","Kaohsiung","2014",8,"Aug-14","仁武",14.86
765,"高雄市","Kaohsiung","2014",8,"Aug-14","林園",7.43
766,"高雄市","Kaohsiung","2014",8,"Aug-14","大寮",13.6
767,"高雄市","Kaohsiung","2014",8,"Aug-14","鳳山",14.93
768,"高雄市","Kaohsiung","2014",8,"Aug-14","美濃",5.52
769,"高雄市","Kaohsiung","2014",7,"Jul-14","復興",18.28
770,"高雄市","Kaohsiung","2014",7,"Jul-14","前鎮",16.79
771,"高雄市","Kaohsiung","2014",7,"Jul-14","前金",12.59
772,"高雄市","Kaohsiung","2014",7,"Jul-14","楠梓",14.84
773,"高雄市","Kaohsiung","2014",7,"Jul-14","左營",13.58
774,"高雄市","Kaohsiung","2014",7,"Jul-14","小港",17.61
775,"高雄市","Kaohsiung","2014",7,"Jul-14","橋頭",12.46
776,"高雄市","Kaohsiung","2014",7,"Jul-14","仁武",14.94
777,"高雄市","Kaohsiung","2014",7,"Jul-14","林園",7.46
778,"高雄市","Kaohsiung","2014",7,"Jul-14","大寮",12.7
779,"高雄市","Kaohsiung","2014",7,"Jul-14","鳳山",15.31
780,"高雄市","Kaohsiung","2014",7,"Jul-14","美濃",6.46
781,"高雄市","Kaohsiung","2014",6,"Jun-14","復興",21.07
782,"高雄市","Kaohsiung","2014",6,"Jun-14","前鎮",19.59
783,"高雄市","Kaohsiung","2014",6,"Jun-14","前金",15.88
784,"高雄市","Kaohsiung","2014",6,"Jun-14","楠梓",17.97
785,"高雄市","Kaohsiung","2014",6,"Jun-14","左營",16.85
786,"高雄市","Kaohsiung","2014",6,"Jun-14","小港",23.12
787,"高雄市","Kaohsiung","2014",6,"Jun-14","橋頭",13.45
788,"高雄市","Kaohsiung","2014",6,"Jun-14","仁武",16.47
789,"高雄市","Kaohsiung","2014",6,"Jun-14","大寮",11.87
790,"高雄市","Kaohsiung","2014",6,"Jun-14","鳳山",17.79
791,"高雄市","Kaohsiung","2014",6,"Jun-14","林園",6.95
792,"高雄市","Kaohsiung","2014",6,"Jun-14","美濃",6.1
793,"高雄市","Kaohsiung","2014",5,"May-14","復興",27.82
794,"高雄市","Kaohsiung","2014",5,"May-14","前鎮",25.57
795,"高雄市","Kaohsiung","2014",5,"May-14","前金",19.09
796,"高雄市","Kaohsiung","2014",5,"May-14","楠梓",21.27
797,"高雄市","Kaohsiung","2014",5,"May-14","左營",19.55
798,"高雄市","Kaohsiung","2014",5,"May-14","小港",28.16
799,"高雄市","Kaohsiung","2014",5,"May-14","橋頭",17.09
800,"高雄市","Kaohsiung","2014",5,"May-14","仁武",23.82
801,"高雄市","Kaohsiung","2014",5,"May-14","大寮",19.07
802,"高雄市","Kaohsiung","2014",5,"May-14","鳳山",22.6
803,"高雄市","Kaohsiung","2014",5,"May-14","林園",13.02
804,"高雄市","Kaohsiung","2014",5,"May-14","美濃",8.3
805,"高雄市","Kaohsiung","2014",4,"Apr-14","復興",28.27
806,"高雄市","Kaohsiung","2014",4,"Apr-14","前鎮",26.46
807,"高雄市","Kaohsiung","2014",4,"Apr-14","前金",17.59
808,"高雄市","Kaohsiung","2014",4,"Apr-14","楠梓",20.41
809,"高雄市","Kaohsiung","2014",4,"Apr-14","左營",18.11
810,"高雄市","Kaohsiung","2014",4,"Apr-14","小港",27.98
811,"高雄市","Kaohsiung","2014",4,"Apr-14","橋頭",17.93
812,"高雄市","Kaohsiung","2014",4,"Apr-14","仁武",25.1
813,"高雄市","Kaohsiung","2014",4,"Apr-14","大寮",18.11
814,"高雄市","Kaohsiung","2014",4,"Apr-14","鳳山",24.42
815,"高雄市","Kaohsiung","2014",4,"Apr-14","林園",14.15
816,"高雄市","Kaohsiung","2014",4,"Apr-14","美濃",11.02
817,"高雄市","Kaohsiung","2014",3,"Mar-14","復興",32.83
818,"高雄市","Kaohsiung","2014",3,"Mar-14","前鎮",31.4
819,"高雄市","Kaohsiung","2014",3,"Mar-14","前金",23.37
820,"高雄市","Kaohsiung","2014",3,"Mar-14","楠梓",26.05
821,"高雄市","Kaohsiung","2014",3,"Mar-14","左營",24.05
822,"高雄市","Kaohsiung","2014",3,"Mar-14","小港",32.87
823,"高雄市","Kaohsiung","2014",3,"Mar-14","橋頭",22.14
824,"高雄市","Kaohsiung","2014",3,"Mar-14","仁武",28.86
825,"高雄市","Kaohsiung","2014",3,"Mar-14","大寮",24.47
826,"高雄市","Kaohsiung","2014",3,"Mar-14","鳳山",29.11
827,"高雄市","Kaohsiung","2014",3,"Mar-14","林園",18.68
828,"高雄市","Kaohsiung","2014",3,"Mar-14","美濃",12.35
829,"高雄市","Kaohsiung","2014",2,"Feb-14","復興",35.95
830,"高雄市","Kaohsiung","2014",2,"Feb-14","前鎮",33.41
831,"高雄市","Kaohsiung","2014",2,"Feb-14","前金",24.76
832,"高雄市","Kaohsiung","2014",2,"Feb-14","楠梓",24.92
833,"高雄市","Kaohsiung","2014",2,"Feb-14","左營",24.34
834,"高雄市","Kaohsiung","2014",2,"Feb-14","美濃",11.9
835,"高雄市","Kaohsiung","2014",2,"Feb-14","橋頭",22.67
836,"高雄市","Kaohsiung","2014",2,"Feb-14","仁武",29.84
837,"高雄市","Kaohsiung","2014",2,"Feb-14","大寮",26.1
838,"高雄市","Kaohsiung","2014",2,"Feb-14","鳳山",31.11
839,"高雄市","Kaohsiung","2014",2,"Feb-14","林園",25.42
840,"高雄市","Kaohsiung","2014",2,"Feb-14","小港",37.87
841,"高雄市","Kaohsiung","2014",1,"Jan-14","前鎮",41.32
842,"高雄市","Kaohsiung","2014",1,"Jan-14","前金",29.8
843,"高雄市","Kaohsiung","2014",1,"Jan-14","楠梓",31.73
844,"高雄市","Kaohsiung","2014",1,"Jan-14","左營",28.89
845,"高雄市","Kaohsiung","2014",1,"Jan-14","美濃",13.8
846,"高雄市","Kaohsiung","2014",1,"Jan-14","復興",46.71
847,"高雄市","Kaohsiung","2014",1,"Jan-14","仁武",36.56
848,"高雄市","Kaohsiung","2014",1,"Jan-14","大寮",30.42
849,"高雄市","Kaohsiung","2014",1,"Jan-14","鳳山",35.81
850,"高雄市","Kaohsiung","2014",1,"Jan-14","林園",27.7
851,"高雄市","Kaohsiung","2014",1,"Jan-14","小港",44.44
852,"高雄市","Kaohsiung","2014",1,"Jan-14","橋頭",28.04
853,"高雄市","Kaohsiung","2013",12,"Dec-13","左營",29.65
854,"高雄市","Kaohsiung","2013",12,"Dec-13","前金",32.12
855,"高雄市","Kaohsiung","2013",12,"Dec-13","前鎮",41.34
856,"高雄市","Kaohsiung","2013",12,"Dec-13","鳳山",39.36
857,"高雄市","Kaohsiung","2013",12,"Dec-13","美濃",15.96
858,"高雄市","Kaohsiung","2013",12,"Dec-13","大寮",33.33
859,"高雄市","Kaohsiung","2013",12,"Dec-13","林園",34.29
860,"高雄市","Kaohsiung","2013",12,"Dec-13","仁武",37.39
861,"高雄市","Kaohsiung","2013",12,"Dec-13","楠梓",32.17
862,"高雄市","Kaohsiung","2013",12,"Dec-13","小港",49.33
863,"高雄市","Kaohsiung","2013",12,"Dec-13","橋頭",29.18
864,"高雄市","Kaohsiung","2013",12,"Dec-13","復興",46.73
865,"高雄市","Kaohsiung","2013",11,"Nov-13","前金",26.69
866,"高雄市","Kaohsiung","2013",11,"Nov-13","前鎮",36.52
867,"高雄市","Kaohsiung","2013",11,"Nov-13","復興",40.32
868,"高雄市","Kaohsiung","2013",11,"Nov-13","小港",41.43
869,"高雄市","Kaohsiung","2013",11,"Nov-13","左營",25.51
870,"高雄市","Kaohsiung","2013",11,"Nov-13","林園",22.9
871,"高雄市","Kaohsiung","2013",11,"Nov-13","楠梓",26.23
872,"高雄市","Kaohsiung","2013",11,"Nov-13","鳳山",33.09
873,"高雄市","Kaohsiung","2013",11,"Nov-13","大寮",26.48
874,"高雄市","Kaohsiung","2013",11,"Nov-13","仁武",33.93
875,"高雄市","Kaohsiung","2013",11,"Nov-13","橋頭",25.22
876,"高雄市","Kaohsiung","2013",11,"Nov-13","美濃",13.7
877,"高雄市","Kaohsiung","2013",10,"Oct-13","復興",29.79
878,"高雄市","Kaohsiung","2013",10,"Oct-13","仁武",25.26
879,"高雄市","Kaohsiung","2013",10,"Oct-13","林園",14.81
880,"高雄市","Kaohsiung","2013",10,"Oct-13","小港",27.56
881,"高雄市","Kaohsiung","2013",10,"Oct-13","大寮",18.48
882,"高雄市","Kaohsiung","2013",10,"Oct-13","前金",19.62
883,"高雄市","Kaohsiung","2013",10,"Oct-13","鳳山",23.32
884,"高雄市","Kaohsiung","2013",10,"Oct-13","橋頭",18.46
885,"高雄市","Kaohsiung","2013",10,"Oct-13","前鎮",27.47
886,"高雄市","Kaohsiung","2013",10,"Oct-13","左營",19.24
887,"高雄市","Kaohsiung","2013",10,"Oct-13","美濃",10.05
888,"高雄市","Kaohsiung","2013",10,"Oct-13","楠梓",20.51
889,"高雄市","Kaohsiung","2013",9,"Sep-13","前鎮",20.37
890,"高雄市","Kaohsiung","2013",9,"Sep-13","左營",14.79
891,"高雄市","Kaohsiung","2013",9,"Sep-13","大寮",15.18
892,"高雄市","Kaohsiung","2013",9,"Sep-13","復興",22.39
893,"高雄市","Kaohsiung","2013",9,"Sep-13","小港",21.35
894,"高雄市","Kaohsiung","2013",9,"Sep-13","楠梓",17.46
895,"高雄市","Kaohsiung","2013",9,"Sep-13","橋頭",14.1
896,"高雄市","Kaohsiung","2013",9,"Sep-13","美濃",6.96
897,"高雄市","Kaohsiung","2013",9,"Sep-13","林園",7.97
898,"高雄市","Kaohsiung","2013",9,"Sep-13","仁武",18.12
899,"高雄市","Kaohsiung","2013",9,"Sep-13","鳳山",17.77
900,"高雄市","Kaohsiung","2013",9,"Sep-13","前金",14.4
901,"高雄市","Kaohsiung","2013",8,"Aug-13","左營",16.99
902,"高雄市","Kaohsiung","2013",8,"Aug-13","復興",21.02
903,"高雄市","Kaohsiung","2013",8,"Aug-13","仁武",18.32
904,"高雄市","Kaohsiung","2013",8,"Aug-13","大寮",12.46
905,"高雄市","Kaohsiung","2013",8,"Aug-13","鳳山",17.18
906,"高雄市","Kaohsiung","2013",8,"Aug-13","林園",8.11
907,"高雄市","Kaohsiung","2013",8,"Aug-13","前鎮",20.19
908,"高雄市","Kaohsiung","2013",8,"Aug-13","橋頭",13.8
909,"高雄市","Kaohsiung","2013",8,"Aug-13","小港",21.06
910,"高雄市","Kaohsiung","2013",8,"Aug-13","美濃",5.79
911,"高雄市","Kaohsiung","2013",8,"Aug-13","楠梓",18.29
912,"高雄市","Kaohsiung","2013",8,"Aug-13","前金",15.17
913,"高雄市","Kaohsiung","2013",7,"Jul-13","楠梓",17.67
914,"高雄市","Kaohsiung","2013",7,"Jul-13","橋頭",13.47
915,"高雄市","Kaohsiung","2013",7,"Jul-13","小港",20.04
916,"高雄市","Kaohsiung","2013",7,"Jul-13","美濃",6
917,"高雄市","Kaohsiung","2013",7,"Jul-13","林園",7.39
918,"高雄市","Kaohsiung","2013",7,"Jul-13","仁武",18.63
919,"高雄市","Kaohsiung","2013",7,"Jul-13","左營",18.67
920,"高雄市","Kaohsiung","2013",7,"Jul-13","復興",21.93
921,"高雄市","Kaohsiung","2013",7,"Jul-13","鳳山",16.57
922,"高雄市","Kaohsiung","2013",7,"Jul-13","前金",16.54
923,"高雄市","Kaohsiung","2013",7,"Jul-13","前鎮",20.9
924,"高雄市","Kaohsiung","2013",7,"Jul-13","大寮",12.62
925,"高雄市","Kaohsiung","2013",6,"Jun-13","林園",6.9
926,"高雄市","Kaohsiung","2013",6,"Jun-13","大寮",13.46
927,"高雄市","Kaohsiung","2013",6,"Jun-13","仁武",16.55
928,"高雄市","Kaohsiung","2013",6,"Jun-13","橋頭",13.45
929,"高雄市","Kaohsiung","2013",6,"Jun-13","美濃",6.32
930,"高雄市","Kaohsiung","2013",6,"Jun-13","楠梓",17.01
931,"高雄市","Kaohsiung","2013",6,"Jun-13","前金",14.58
932,"高雄市","Kaohsiung","2013",6,"Jun-13","前鎮",17.97
933,"高雄市","Kaohsiung","2013",6,"Jun-13","復興",20.39
934,"高雄市","Kaohsiung","2013",6,"Jun-13","鳳山",16.4
935,"高雄市","Kaohsiung","2013",6,"Jun-13","小港",18.26
936,"高雄市","Kaohsiung","2013",6,"Jun-13","左營",17.27
937,"高雄市","Kaohsiung","2013",5,"May-13","左營",18.87
938,"高雄市","Kaohsiung","2013",5,"May-13","小港",24.14
939,"高雄市","Kaohsiung","2013",5,"May-13","鳳山",20.41
940,"高雄市","Kaohsiung","2013",5,"May-13","復興",25.41
941,"高雄市","Kaohsiung","2013",5,"May-13","前鎮",22.69
942,"高雄市","Kaohsiung","2013",5,"May-13","前金",18
943,"高雄市","Kaohsiung","2013",5,"May-13","楠梓",19.71
944,"高雄市","Kaohsiung","2013",5,"May-13","美濃",7.23
945,"高雄市","Kaohsiung","2013",5,"May-13","橋頭",15.29
946,"高雄市","Kaohsiung","2013",5,"May-13","仁武",20.9
947,"高雄市","Kaohsiung","2013",5,"May-13","大寮",15.66
948,"高雄市","Kaohsiung","2013",5,"May-13","林園",8.95
949,"高雄市","Kaohsiung","2013",4,"Apr-13","復興",32.84
950,"高雄市","Kaohsiung","2013",4,"Apr-13","左營",20.57
951,"高雄市","Kaohsiung","2013",4,"Apr-13","前鎮",26.81
952,"高雄市","Kaohsiung","2013",4,"Apr-13","前金",20.98
953,"高雄市","Kaohsiung","2013",4,"Apr-13","仁武",28.27
954,"高雄市","Kaohsiung","2013",4,"Apr-13","鳳山",26.1
955,"高雄市","Kaohsiung","2013",4,"Apr-13","大寮",22.39
956,"高雄市","Kaohsiung","2013",4,"Apr-13","小港",31.8
957,"高雄市","Kaohsiung","2013",4,"Apr-13","美濃",10.68
958,"高雄市","Kaohsiung","2013",4,"Apr-13","楠梓",22.6
959,"高雄市","Kaohsiung","2013",4,"Apr-13","林園",18.97
960,"高雄市","Kaohsiung","2013",4,"Apr-13","橋頭",19.64
961,"高雄市","Kaohsiung","2013",3,"Mar-13","復興",33.5
962,"高雄市","Kaohsiung","2013",3,"Mar-13","鳳山",28.56
963,"高雄市","Kaohsiung","2013",3,"Mar-13","小港",34.49
964,"高雄市","Kaohsiung","2013",3,"Mar-13","左營",21.9
965,"高雄市","Kaohsiung","2013",3,"Mar-13","林園",22.5
966,"高雄市","Kaohsiung","2013",3,"Mar-13","大寮",26.9
967,"高雄市","Kaohsiung","2013",3,"Mar-13","仁武",28.56
968,"高雄市","Kaohsiung","2013",3,"Mar-13","橋頭",20.48
969,"高雄市","Kaohsiung","2013",3,"Mar-13","美濃",11.71
970,"高雄市","Kaohsiung","2013",3,"Mar-13","楠梓",24.14
971,"高雄市","Kaohsiung","2013",3,"Mar-13","前金",22.68
972,"高雄市","Kaohsiung","2013",3,"Mar-13","前鎮",28.35
973,"高雄市","Kaohsiung","2013",2,"Feb-13","楠梓",22.45
974,"高雄市","Kaohsiung","2013",2,"Feb-13","前鎮",28.92
975,"高雄市","Kaohsiung","2013",2,"Feb-13","復興",34.2
976,"高雄市","Kaohsiung","2013",2,"Feb-13","前金",24.35
977,"高雄市","Kaohsiung","2013",2,"Feb-13","大寮",23.78
978,"高雄市","Kaohsiung","2013",2,"Feb-13","林園",25.87
979,"高雄市","Kaohsiung","2013",2,"Feb-13","仁武",27.8
980,"高雄市","Kaohsiung","2013",2,"Feb-13","小港",37.15
981,"高雄市","Kaohsiung","2013",2,"Feb-13","橋頭",19.59
982,"高雄市","Kaohsiung","2013",2,"Feb-13","左營",21.16
983,"高雄市","Kaohsiung","2013",2,"Feb-13","美濃",11.63
984,"高雄市","Kaohsiung","2013",2,"Feb-13","鳳山",31.01
985,"高雄市","Kaohsiung","2013",1,"Jan-13","復興",45.34
986,"高雄市","Kaohsiung","2013",1,"Jan-13","林園",35.73
987,"高雄市","Kaohsiung","2013",1,"Jan-13","小港",50.94
988,"高雄市","Kaohsiung","2013",1,"Jan-13","橋頭",26.65
989,"高雄市","Kaohsiung","2013",1,"Jan-13","鳳山",38.91
990,"高雄市","Kaohsiung","2013",1,"Jan-13","楠梓",29.92
991,"高雄市","Kaohsiung","2013",1,"Jan-13","前金",31.05
992,"高雄市","Kaohsiung","2013",1,"Jan-13","美濃",13.97
993,"高雄市","Kaohsiung","2013",1,"Jan-13","仁武",36.71
994,"高雄市","Kaohsiung","2013",1,"Jan-13","左營",28.1
995,"高雄市","Kaohsiung","2013",1,"Jan-13","前鎮",38.39
996,"高雄市","Kaohsiung","2013",1,"Jan-13","大寮",31.54
997,"高雄市","Kaohsiung","2012",12,"Dec-12","大寮",28.41
998,"高雄市","Kaohsiung","2012",12,"Dec-12","前金",28.74
999,"高雄市","Kaohsiung","2012",12,"Dec-12","前鎮",37.31
1000,"高雄市","Kaohsiung","2012",12,"Dec-12","仁武",37.34
1001,"高雄市","Kaohsiung","2012",12,"Dec-12","楠梓",29.02
1002,"高雄市","Kaohsiung","2012",12,"Dec-12","小港",44.27
1003,"高雄市","Kaohsiung","2012",12,"Dec-12","橋頭",25.48
1004,"高雄市","Kaohsiung","2012",12,"Dec-12","林園",28.61
1005,"高雄市","Kaohsiung","2012",12,"Dec-12","復興",44.12
1006,"高雄市","Kaohsiung","2012",12,"Dec-12","美濃",13.27
1007,"高雄市","Kaohsiung","2012",12,"Dec-12","左營",26.95
1008,"高雄市","Kaohsiung","2012",12,"Dec-12","鳳山",35.14
1009,"高雄市","Kaohsiung","2012",11,"Nov-12","前金",27.7
1010,"高雄市","Kaohsiung","2012",11,"Nov-12","前鎮",34.11
1011,"高雄市","Kaohsiung","2012",11,"Nov-12","小港",38.49
1012,"高雄市","Kaohsiung","2012",11,"Nov-12","復興",40.61
1013,"高雄市","Kaohsiung","2012",11,"Nov-12","鳳山",31.41
1014,"高雄市","Kaohsiung","2012",11,"Nov-12","左營",28.22
1015,"高雄市","Kaohsiung","2012",11,"Nov-12","林園",20.65
1016,"高雄市","Kaohsiung","2012",11,"Nov-12","大寮",26.43
1017,"高雄市","Kaohsiung","2012",11,"Nov-12","仁武",34.56
1018,"高雄市","Kaohsiung","2012",11,"Nov-12","橋頭",24.38
1019,"高雄市","Kaohsiung","2012",11,"Nov-12","美濃",12.73
1020,"高雄市","Kaohsiung","2012",11,"Nov-12","楠梓",27.7
1021,"高雄市","Kaohsiung","2012",10,"Oct-12","橋頭",18.62
1022,"高雄市","Kaohsiung","2012",10,"Oct-12","大寮",19.22
1023,"高雄市","Kaohsiung","2012",10,"Oct-12","復興",28.61
1024,"高雄市","Kaohsiung","2012",10,"Oct-12","仁武",25.72
1025,"高雄市","Kaohsiung","2012",10,"Oct-12","小港",26.57
1026,"高雄市","Kaohsiung","2012",10,"Oct-12","前金",19.18
1027,"高雄市","Kaohsiung","2012",10,"Oct-12","美濃",10.52
1028,"高雄市","Kaohsiung","2012",10,"Oct-12","前鎮",24.37
1029,"高雄市","Kaohsiung","2012",10,"Oct-12","左營",18.73
1030,"高雄市","Kaohsiung","2012",10,"Oct-12","楠梓",21.14
1031,"高雄市","Kaohsiung","2012",10,"Oct-12","鳳山",22.9
1032,"高雄市","Kaohsiung","2012",9,"Sep-12","小港",25.61
1033,"高雄市","Kaohsiung","2012",9,"Sep-12","美濃",7.09
1034,"高雄市","Kaohsiung","2012",9,"Sep-12","大寮",16.51
1035,"高雄市","Kaohsiung","2012",9,"Sep-12","楠梓",16.44
1036,"高雄市","Kaohsiung","2012",9,"Sep-12","前金",15.28
1037,"高雄市","Kaohsiung","2012",9,"Sep-12","前鎮",20.21
1038,"高雄市","Kaohsiung","2012",9,"Sep-12","鳳山",18.75
1039,"高雄市","Kaohsiung","2012",9,"Sep-12","復興",24.37
1040,"高雄市","Kaohsiung","2012",9,"Sep-12","橋頭",14.51
1041,"高雄市","Kaohsiung","2012",9,"Sep-12","左營",15.82
1042,"高雄市","Kaohsiung","2012",9,"Sep-12","仁武",19.16
1043,"高雄市","Kaohsiung","2012",8,"Aug-12","前鎮",21.91
1044,"高雄市","Kaohsiung","2012",8,"Aug-12","美濃",5.43
1045,"高雄市","Kaohsiung","2012",8,"Aug-12","楠梓",19.66
1046,"高雄市","Kaohsiung","2012",8,"Aug-12","鳳山",17.81
1047,"高雄市","Kaohsiung","2012",8,"Aug-12","橋頭",14.23
1048,"高雄市","Kaohsiung","2012",8,"Aug-12","大寮",13.06
1049,"高雄市","Kaohsiung","2012",8,"Aug-12","前金",18.68
1050,"高雄市","Kaohsiung","2012",8,"Aug-12","仁武",18.6
1051,"高雄市","Kaohsiung","2012",8,"Aug-12","左營",19.43
1052,"高雄市","Kaohsiung","2012",8,"Aug-12","小港",22.46
1053,"高雄市","Kaohsiung","2012",8,"Aug-12","復興",23.93
1054,"高雄市","Kaohsiung","2012",7,"Jul-12","鳳山",16.38
1055,"高雄市","Kaohsiung","2012",7,"Jul-12","大寮",12.74
1056,"高雄市","Kaohsiung","2012",7,"Jul-12","仁武",17.16
1057,"高雄市","Kaohsiung","2012",7,"Jul-12","橋頭",12.68
1058,"高雄市","Kaohsiung","2012",7,"Jul-12","美濃",6.52
1059,"高雄市","Kaohsiung","2012",7,"Jul-12","前金",13.78
1060,"高雄市","Kaohsiung","2012",7,"Jul-12","前鎮",19.12
1061,"高雄市","Kaohsiung","2012",7,"Jul-12","小港",20.21
1062,"高雄市","Kaohsiung","2012",7,"Jul-12","復興",21.32
1063,"高雄市","Kaohsiung","2012",7,"Jul-12","左營",14.27
1064,"高雄市","Kaohsiung","2012",7,"Jul-12","楠梓",14.92
1065,"高雄市","Kaohsiung","2012",6,"Jun-12","左營",16.54
1066,"高雄市","Kaohsiung","2012",6,"Jun-12","復興",21.51
1067,"高雄市","Kaohsiung","2012",6,"Jun-12","小港",23.55
1068,"高雄市","Kaohsiung","2012",6,"Jun-12","前鎮",22.62
1069,"高雄市","Kaohsiung","2012",6,"Jun-12","前金",17.33
1070,"高雄市","Kaohsiung","2012",6,"Jun-12","楠梓",18.77
1071,"高雄市","Kaohsiung","2012",6,"Jun-12","美濃",4.88
1072,"高雄市","Kaohsiung","2012",6,"Jun-12","橋頭",13.61
1073,"高雄市","Kaohsiung","2012",6,"Jun-12","仁武",18.01
1074,"高雄市","Kaohsiung","2012",6,"Jun-12","大寮",10.12
1075,"高雄市","Kaohsiung","2012",6,"Jun-12","林園",6.44
1076,"高雄市","Kaohsiung","2012",6,"Jun-12","鳳山",18.08
1077,"高雄市","Kaohsiung","2012",5,"May-12","前鎮",22.36
1078,"高雄市","Kaohsiung","2012",5,"May-12","大寮",15.79
1079,"高雄市","Kaohsiung","2012",5,"May-12","復興",25.25
1080,"高雄市","Kaohsiung","2012",5,"May-12","鳳山",20.29
1081,"高雄市","Kaohsiung","2012",5,"May-12","左營",18.27
1082,"高雄市","Kaohsiung","2012",5,"May-12","前金",18.48
1083,"高雄市","Kaohsiung","2012",5,"May-12","橋頭",15.31
1084,"高雄市","Kaohsiung","2012",5,"May-12","美濃",7.14
1085,"高雄市","Kaohsiung","2012",5,"May-12","林園",9.92
1086,"高雄市","Kaohsiung","2012",5,"May-12","小港",24.25
1087,"高雄市","Kaohsiung","2012",5,"May-12","楠梓",18.57
1088,"高雄市","Kaohsiung","2012",5,"May-12","仁武",20.65
1089,"高雄市","Kaohsiung","2012",4,"Apr-12","前鎮",23.77
1090,"高雄市","Kaohsiung","2012",4,"Apr-12","小港",27
1091,"高雄市","Kaohsiung","2012",4,"Apr-12","左營",20.37
1092,"高雄市","Kaohsiung","2012",4,"Apr-12","鳳山",23.78
1093,"高雄市","Kaohsiung","2012",4,"Apr-12","林園",12.33
1094,"高雄市","Kaohsiung","2012",4,"Apr-12","大寮",18.1
1095,"高雄市","Kaohsiung","2012",4,"Apr-12","仁武",23.77
1096,"高雄市","Kaohsiung","2012",4,"Apr-12","橋頭",18.43
1097,"高雄市","Kaohsiung","2012",4,"Apr-12","美濃",10.24
1098,"高雄市","Kaohsiung","2012",4,"Apr-12","楠梓",22.52
1099,"高雄市","Kaohsiung","2012",4,"Apr-12","前金",19.64
1100,"高雄市","Kaohsiung","2012",4,"Apr-12","復興",28.33
1101,"高雄市","Kaohsiung","2012",3,"Mar-12","仁武",32.26
1102,"高雄市","Kaohsiung","2012",3,"Mar-12","大寮",27.6
1103,"高雄市","Kaohsiung","2012",3,"Mar-12","前金",28.37
1104,"高雄市","Kaohsiung","2012",3,"Mar-12","鳳山",34.48
1105,"高雄市","Kaohsiung","2012",3,"Mar-12","橋頭",23.87
1106,"高雄市","Kaohsiung","2012",3,"Mar-12","左營",28.18
1107,"高雄市","Kaohsiung","2012",3,"Mar-12","林園",26.34
1108,"高雄市","Kaohsiung","2012",3,"Mar-12","復興",39.8
1109,"高雄市","Kaohsiung","2012",3,"Mar-12","美濃",13.1
1110,"高雄市","Kaohsiung","2012",3,"Mar-12","楠梓",26.86
1111,"高雄市","Kaohsiung","2012",3,"Mar-12","小港",39.55
1112,"高雄市","Kaohsiung","2012",3,"Mar-12","前鎮",32.52
1113,"高雄市","Kaohsiung","2012",2,"Feb-12","小港",46.69
1114,"高雄市","Kaohsiung","2012",2,"Feb-12","橋頭",27.39
1115,"高雄市","Kaohsiung","2012",2,"Feb-12","左營",31.2
1116,"高雄市","Kaohsiung","2012",2,"Feb-12","美濃",13.66
1117,"高雄市","Kaohsiung","2012",2,"Feb-12","楠梓",28.43
1118,"高雄市","Kaohsiung","2012",2,"Feb-12","前鎮",38.76
1119,"高雄市","Kaohsiung","2012",2,"Feb-12","仁武",35.91
1120,"高雄市","Kaohsiung","2012",2,"Feb-12","復興",46.81
1121,"高雄市","Kaohsiung","2012",2,"Feb-12","林園",35.24
1122,"高雄市","Kaohsiung","2012",2,"Feb-12","前金",32.62
1123,"高雄市","Kaohsiung","2012",2,"Feb-12","大寮",32.49
1124,"高雄市","Kaohsiung","2012",2,"Feb-12","鳳山",39.46
1125,"高雄市","Kaohsiung","2012",1,"Jan-12","鳳山",37.69
1126,"高雄市","Kaohsiung","2012",1,"Jan-12","橋頭",25.76
1127,"高雄市","Kaohsiung","2012",1,"Jan-12","林園",36.22
1128,"高雄市","Kaohsiung","2012",1,"Jan-12","美濃",14.42
1129,"高雄市","Kaohsiung","2012",1,"Jan-12","前鎮",39.26
1130,"高雄市","Kaohsiung","2012",1,"Jan-12","復興",47.72
1131,"高雄市","Kaohsiung","2012",1,"Jan-12","仁武",35.61
1132,"高雄市","Kaohsiung","2012",1,"Jan-12","左營",27.76
1133,"高雄市","Kaohsiung","2012",1,"Jan-12","大寮",32.51
1134,"高雄市","Kaohsiung","2012",1,"Jan-12","小港",48.46
1135,"高雄市","Kaohsiung","2012",1,"Jan-12","前金",30.41
1136,"高雄市","Kaohsiung","2012",1,"Jan-12","楠梓",26.75
1137,"高雄市","Kaohsiung","2011",12,"Dec-11","楠梓",27.13
1138,"高雄市","Kaohsiung","2011",12,"Dec-11","鳳山",40.37
1139,"高雄市","Kaohsiung","2011",12,"Dec-11","林園",37.31
1140,"高雄市","Kaohsiung","2011",12,"Dec-11","前金",31.89
1141,"高雄市","Kaohsiung","2011",12,"Dec-11","小港",52.25
1142,"高雄市","Kaohsiung","2011",12,"Dec-11","大寮",33.64
1143,"高雄市","Kaohsiung","2011",12,"Dec-11","復興",51.61
1144,"高雄市","Kaohsiung","2011",12,"Dec-11","左營",28.2
1145,"高雄市","Kaohsiung","2011",12,"Dec-11","仁武",37.24
1146,"高雄市","Kaohsiung","2011",12,"Dec-11","前鎮",41.53
1147,"高雄市","Kaohsiung","2011",12,"Dec-11","美濃",15.85
1148,"高雄市","Kaohsiung","2011",12,"Dec-11","橋頭",27.53
1149,"高雄市","Kaohsiung","2011",11,"Nov-11","鳳山",31.73
1150,"高雄市","Kaohsiung","2011",11,"Nov-11","林園",23.43
1151,"高雄市","Kaohsiung","2011",11,"Nov-11","大寮",27.59
1152,"高雄市","Kaohsiung","2011",11,"Nov-11","仁武",33.62
1153,"高雄市","Kaohsiung","2011",11,"Nov-11","橋頭",24.31
1154,"高雄市","Kaohsiung","2011",11,"Nov-11","美濃",13.31
1155,"高雄市","Kaohsiung","2011",11,"Nov-11","左營",27.73
1156,"高雄市","Kaohsiung","2011",11,"Nov-11","楠梓",26.41
1157,"高雄市","Kaohsiung","2011",11,"Nov-11","前金",28.54
1158,"高雄市","Kaohsiung","2011",11,"Nov-11","復興",43.94
1159,"高雄市","Kaohsiung","2011",11,"Nov-11","前鎮",34.96
1160,"高雄市","Kaohsiung","2011",11,"Nov-11","小港",41.06
1161,"高雄市","Kaohsiung","2011",10,"Oct-11","左營",23.03
1162,"高雄市","Kaohsiung","2011",10,"Oct-11","仁武",27.72
1163,"高雄市","Kaohsiung","2011",10,"Oct-11","前金",23.37
1164,"高雄市","Kaohsiung","2011",10,"Oct-11","美濃",11.64
1165,"高雄市","Kaohsiung","2011",10,"Oct-11","橋頭",19.9
1166,"高雄市","Kaohsiung","2011",10,"Oct-11","鳳山",26.68
1167,"高雄市","Kaohsiung","2011",10,"Oct-11","大寮",21.03
1168,"高雄市","Kaohsiung","2011",10,"Oct-11","楠梓",20.09
1169,"高雄市","Kaohsiung","2011",10,"Oct-11","林園",14.26
1170,"高雄市","Kaohsiung","2011",10,"Oct-11","前鎮",28.8
1171,"高雄市","Kaohsiung","2011",10,"Oct-11","小港",32.44
1172,"高雄市","Kaohsiung","2011",10,"Oct-11","復興",35.29
1173,"高雄市","Kaohsiung","2011",9,"Sep-11","美濃",8.84
1174,"高雄市","Kaohsiung","2011",9,"Sep-11","橋頭",15.62
1175,"高雄市","Kaohsiung","2011",9,"Sep-11","仁武",22.14
1176,"高雄市","Kaohsiung","2011",9,"Sep-11","大寮",15.81
1177,"高雄市","Kaohsiung","2011",9,"Sep-11","林園",9.06
1178,"高雄市","Kaohsiung","2011",9,"Sep-11","鳳山",19.94
1179,"高雄市","Kaohsiung","2011",9,"Sep-11","小港",21.25
1180,"高雄市","Kaohsiung","2011",9,"Sep-11","復興",26.19
1181,"高雄市","Kaohsiung","2011",9,"Sep-11","前金",17.58
1182,"高雄市","Kaohsiung","2011",9,"Sep-11","前鎮",21.58
1183,"高雄市","Kaohsiung","2011",9,"Sep-11","楠梓",16
1184,"高雄市","Kaohsiung","2011",9,"Sep-11","左營",17.88
1185,"高雄市","Kaohsiung","2011",8,"Aug-11","楠梓",16.29
1186,"高雄市","Kaohsiung","2011",8,"Aug-11","林園",8.2
1187,"高雄市","Kaohsiung","2011",8,"Aug-11","橋頭",14.11
1188,"高雄市","Kaohsiung","2011",8,"Aug-11","前金",16.08
1189,"高雄市","Kaohsiung","2011",8,"Aug-11","美濃",7.14
1190,"高雄市","Kaohsiung","2011",8,"Aug-11","左營",16.7
1191,"高雄市","Kaohsiung","2011",8,"Aug-11","鳳山",17.29
1192,"高雄市","Kaohsiung","2011",8,"Aug-11","小港",18.76
1193,"高雄市","Kaohsiung","2011",8,"Aug-11","復興",21.32
1194,"高雄市","Kaohsiung","2011",8,"Aug-11","前鎮",18.83
1195,"高雄市","Kaohsiung","2011",8,"Aug-11","仁武",18.04
1196,"高雄市","Kaohsiung","2011",8,"Aug-11","大寮",11.96
1197,"高雄市","Kaohsiung","2011",7,"Jul-11","美濃",6.9
1198,"高雄市","Kaohsiung","2011",7,"Jul-11","楠梓",16.38
1199,"高雄市","Kaohsiung","2011",7,"Jul-11","鳳山",18.17
1200,"高雄市","Kaohsiung","2011",7,"Jul-11","小港",21.6
1201,"高雄市","Kaohsiung","2011",7,"Jul-11","左營",17.03
1202,"高雄市","Kaohsiung","2011",7,"Jul-11","大寮",12.84
1203,"高雄市","Kaohsiung","2011",7,"Jul-11","復興",22.74
1204,"高雄市","Kaohsiung","2011",7,"Jul-11","仁武",18.45
1205,"高雄市","Kaohsiung","2011",7,"Jul-11","前金",17.35
1206,"高雄市","Kaohsiung","2011",7,"Jul-11","橋頭",13.71
1207,"高雄市","Kaohsiung","2011",7,"Jul-11","前鎮",20.6
1208,"高雄市","Kaohsiung","2011",7,"Jul-11","林園",7.27
1209,"高雄市","Kaohsiung","2011",6,"Jun-11","大寮",11.8
1210,"高雄市","Kaohsiung","2011",6,"Jun-11","仁武",18.38
1211,"高雄市","Kaohsiung","2011",6,"Jun-11","美濃",8.85
1212,"高雄市","Kaohsiung","2011",6,"Jun-11","橋頭",14.86
1213,"高雄市","Kaohsiung","2011",6,"Jun-11","左營",17.91
1214,"高雄市","Kaohsiung","2011",6,"Jun-11","楠梓",18.61
1215,"高雄市","Kaohsiung","2011",6,"Jun-11","前鎮",18.83
1216,"高雄市","Kaohsiung","2011",6,"Jun-11","前金",16.68
1217,"高雄市","Kaohsiung","2011",6,"Jun-11","復興",21.02
1218,"高雄市","Kaohsiung","2011",6,"Jun-11","小港",21.45
1219,"高雄市","Kaohsiung","2011",6,"Jun-11","鳳山",19.2
1220,"高雄市","Kaohsiung","2011",6,"Jun-11","林園",6.34
1221,"高雄市","Kaohsiung","2011",5,"May-11","鳳山",25.32
1222,"高雄市","Kaohsiung","2011",5,"May-11","復興",30.02
1223,"高雄市","Kaohsiung","2011",5,"May-11","橋頭",18.95
1224,"高雄市","Kaohsiung","2011",5,"May-11","左營",22.62
1225,"高雄市","Kaohsiung","2011",5,"May-11","小港",26.86
1226,"高雄市","Kaohsiung","2011",5,"May-11","大寮",18.42
1227,"高雄市","Kaohsiung","2011",5,"May-11","楠梓",20.14
1228,"高雄市","Kaohsiung","2011",5,"May-11","美濃",11.36
1229,"高雄市","Kaohsiung","2011",5,"May-11","仁武",24.81
1230,"高雄市","Kaohsiung","2011",5,"May-11","前鎮",24.18
1231,"高雄市","Kaohsiung","2011",5,"May-11","林園",14.06
1232,"高雄市","Kaohsiung","2011",5,"May-11","前金",21.34
1233,"高雄市","Kaohsiung","2011",4,"Apr-11","前金",19.15
1234,"高雄市","Kaohsiung","2011",4,"Apr-11","前鎮",23.06
1235,"高雄市","Kaohsiung","2011",4,"Apr-11","楠梓",20.39
1236,"高雄市","Kaohsiung","2011",4,"Apr-11","左營",20.59
1237,"高雄市","Kaohsiung","2011",4,"Apr-11","橋頭",17.5
1238,"高雄市","Kaohsiung","2011",4,"Apr-11","美濃",14.82
1239,"高雄市","Kaohsiung","2011",4,"Apr-11","仁武",25.87
1240,"高雄市","Kaohsiung","2011",4,"Apr-11","大寮",20.37
1241,"高雄市","Kaohsiung","2011",4,"Apr-11","林園",14.52
1242,"高雄市","Kaohsiung","2011",4,"Apr-11","鳳山",27.27
1243,"高雄市","Kaohsiung","2011",4,"Apr-11","小港",25.43
1244,"高雄市","Kaohsiung","2011",4,"Apr-11","復興",28.25
1245,"高雄市","Kaohsiung","2011",3,"Mar-11","小港",39.43
1246,"高雄市","Kaohsiung","2011",3,"Mar-11","美濃",18.3
1247,"高雄市","Kaohsiung","2011",3,"Mar-11","橋頭",27.71
1248,"高雄市","Kaohsiung","2011",3,"Mar-11","鳳山",36.34
1249,"高雄市","Kaohsiung","2011",3,"Mar-11","仁武",35.78
1250,"高雄市","Kaohsiung","2011",3,"Mar-11","左營",29.82
1251,"高雄市","Kaohsiung","2011",3,"Mar-11","林園",24.95
1252,"高雄市","Kaohsiung","2011",3,"Mar-11","復興",41.17
1253,"高雄市","Kaohsiung","2011",3,"Mar-11","前金",30.05
1254,"高雄市","Kaohsiung","2011",3,"Mar-11","大寮",27.82
1255,"高雄市","Kaohsiung","2011",3,"Mar-11","前鎮",32.58
1256,"高雄市","Kaohsiung","2011",3,"Mar-11","楠梓",27.21
1257,"高雄市","Kaohsiung","2011",2,"Feb-11","美濃",16.19
1258,"高雄市","Kaohsiung","2011",2,"Feb-11","橋頭",26.85
1259,"高雄市","Kaohsiung","2011",2,"Feb-11","左營",32.13
1260,"高雄市","Kaohsiung","2011",2,"Feb-11","前金",33.75
1261,"高雄市","Kaohsiung","2011",2,"Feb-11","楠梓",28.55
1262,"高雄市","Kaohsiung","2011",2,"Feb-11","前鎮",38.04
1263,"高雄市","Kaohsiung","2011",2,"Feb-11","復興",46.89
1264,"高雄市","Kaohsiung","2011",2,"Feb-11","小港",42.33
1265,"高雄市","Kaohsiung","2011",2,"Feb-11","鳳山",38.66
1266,"高雄市","Kaohsiung","2011",2,"Feb-11","林園",30.19
1267,"高雄市","Kaohsiung","2011",2,"Feb-11","大寮",29.73
1268,"高雄市","Kaohsiung","2011",2,"Feb-11","仁武",36.2
1269,"高雄市","Kaohsiung","2011",1,"Jan-11","林園",43.82
1270,"高雄市","Kaohsiung","2011",1,"Jan-11","復興",50.65
1271,"高雄市","Kaohsiung","2011",1,"Jan-11","前金",36.69
1272,"高雄市","Kaohsiung","2011",1,"Jan-11","鳳山",45.69
1273,"高雄市","Kaohsiung","2011",1,"Jan-11","前鎮",39.9
1274,"高雄市","Kaohsiung","2011",1,"Jan-11","美濃",20.57
1275,"高雄市","Kaohsiung","2011",1,"Jan-11","小港",49.66
1276,"高雄市","Kaohsiung","2011",1,"Jan-11","大寮",36.04
1277,"高雄市","Kaohsiung","2011",1,"Jan-11","橋頭",31.19
1278,"高雄市","Kaohsiung","2011",1,"Jan-11","楠梓",32.47
1279,"高雄市","Kaohsiung","2011",1,"Jan-11","仁武",40.62
1280,"高雄市","Kaohsiung","2011",1,"Jan-11","左營",32.52
1281,"高雄市","Kaohsiung","2010",12,"Dec-10","大寮",32.71
1282,"高雄市","Kaohsiung","2010",12,"Dec-10","楠梓",35.2
1283,"高雄市","Kaohsiung","2010",12,"Dec-10","前鎮",44.51
1284,"高雄市","Kaohsiung","2010",12,"Dec-10","仁武",43.89
1285,"高雄市","Kaohsiung","2010",12,"Dec-10","前金",37.59
1286,"高雄市","Kaohsiung","2010",12,"Dec-10","復興",52.57
1287,"高雄市","Kaohsiung","2010",12,"Dec-10","美濃",18.35
1288,"高雄市","Kaohsiung","2010",12,"Dec-10","林園",30.75
1289,"高雄市","Kaohsiung","2010",12,"Dec-10","小港",48.76
1290,"高雄市","Kaohsiung","2010",12,"Dec-10","橋頭",33.44
1291,"高雄市","Kaohsiung","2010",12,"Dec-10","左營",35.11
1292,"高雄市","Kaohsiung","2010",12,"Dec-10","鳳山",42.42
1293,"高雄市","Kaohsiung","2010",11,"Nov-10","楠梓",28.35
1294,"高雄市","Kaohsiung","2010",11,"Nov-10","前鎮",38.5
1295,"高雄市","Kaohsiung","2010",11,"Nov-10","復興",45.98
1296,"高雄市","Kaohsiung","2010",11,"Nov-10","小港",43.63
1297,"高雄市","Kaohsiung","2010",11,"Nov-10","鳳山",36.76
1298,"高雄市","Kaohsiung","2010",11,"Nov-10","左營",31.8
1299,"高雄市","Kaohsiung","2010",11,"Nov-10","林園",26.88
1300,"高雄市","Kaohsiung","2010",11,"Nov-10","大寮",31.06
1301,"高雄市","Kaohsiung","2010",11,"Nov-10","橋頭",29.55
1302,"高雄市","Kaohsiung","2010",11,"Nov-10","仁武",38.75
1303,"高雄市","Kaohsiung","2010",11,"Nov-10","美濃",16.91
1304,"高雄市","Kaohsiung","2010",11,"Nov-10","前金",32.2
1305,"高雄市","Kaohsiung","2010",10,"Oct-10","小港",31.97
1306,"高雄市","Kaohsiung","2010",10,"Oct-10","仁武",28.6
1307,"高雄市","Kaohsiung","2010",10,"Oct-10","林園",16.18
1308,"高雄市","Kaohsiung","2010",10,"Oct-10","鳳山",28
1309,"高雄市","Kaohsiung","2010",10,"Oct-10","橋頭",22.91
1310,"高雄市","Kaohsiung","2010",10,"Oct-10","楠梓",22.47
1311,"高雄市","Kaohsiung","2010",10,"Oct-10","美濃",11.55
1312,"高雄市","Kaohsiung","2010",10,"Oct-10","復興",34.12
1313,"高雄市","Kaohsiung","2010",10,"Oct-10","前鎮",28.82
1314,"高雄市","Kaohsiung","2010",10,"Oct-10","左營",25.08
1315,"高雄市","Kaohsiung","2010",10,"Oct-10","前金",25.64
1316,"高雄市","Kaohsiung","2010",10,"Oct-10","大寮",19.21
1317,"高雄市","Kaohsiung","2010",9,"Sep-10","前鎮",23.26
1318,"高雄市","Kaohsiung","2010",9,"Sep-10","大寮",9.25
1319,"高雄市","Kaohsiung","2010",9,"Sep-10","楠梓",20.1
1320,"高雄市","Kaohsiung","2010",9,"Sep-10","復興",24.62
1321,"高雄市","Kaohsiung","2010",9,"Sep-10","橋頭",18.13
1322,"高雄市","Kaohsiung","2010",9,"Sep-10","前金",19.75
1323,"高雄市","Kaohsiung","2010",9,"Sep-10","林園",9.39
1324,"高雄市","Kaohsiung","2010",9,"Sep-10","鳳山",21.19
1325,"高雄市","Kaohsiung","2010",9,"Sep-10","美濃",6.98
1326,"高雄市","Kaohsiung","2010",9,"Sep-10","左營",21.39
1327,"高雄市","Kaohsiung","2010",9,"Sep-10","小港",28.01
1328,"高雄市","Kaohsiung","2010",9,"Sep-10","仁武",20.1
1329,"高雄市","Kaohsiung","2010",8,"Aug-10","前鎮",21.6
1330,"高雄市","Kaohsiung","2010",8,"Aug-10","復興",25.2
1331,"高雄市","Kaohsiung","2010",8,"Aug-10","小港",23.75
1332,"高雄市","Kaohsiung","2010",8,"Aug-10","鳳山",20.6
1333,"高雄市","Kaohsiung","2010",8,"Aug-10","楠梓",19.41
1334,"高雄市","Kaohsiung","2010",8,"Aug-10","左營",22
1335,"高雄市","Kaohsiung","2010",8,"Aug-10","林園",9.06
1336,"高雄市","Kaohsiung","2010",8,"Aug-10","大寮",12.21
1337,"高雄市","Kaohsiung","2010",8,"Aug-10","橋頭",15.9
1338,"高雄市","Kaohsiung","2010",8,"Aug-10","仁武",19.81
1339,"高雄市","Kaohsiung","2010",8,"Aug-10","美濃",7.32
1340,"高雄市","Kaohsiung","2010",8,"Aug-10","前金",19.35
1341,"高雄市","Kaohsiung","2010",7,"Jul-10","仁武",20.54
1342,"高雄市","Kaohsiung","2010",7,"Jul-10","林園",9.14
1343,"高雄市","Kaohsiung","2010",7,"Jul-10","鳳山",18.28
1344,"高雄市","Kaohsiung","2010",7,"Jul-10","橋頭",15.46
1345,"高雄市","Kaohsiung","2010",7,"Jul-10","左營",20.87
1346,"高雄市","Kaohsiung","2010",7,"Jul-10","前鎮",20.61
1347,"高雄市","Kaohsiung","2010",7,"Jul-10","大寮",15.74
1348,"高雄市","Kaohsiung","2010",7,"Jul-10","美濃",7.82
1349,"高雄市","Kaohsiung","2010",7,"Jul-10","復興",24.54
1350,"高雄市","Kaohsiung","2010",7,"Jul-10","楠梓",18.26
1351,"高雄市","Kaohsiung","2010",7,"Jul-10","前金",19.32
1352,"高雄市","Kaohsiung","2010",7,"Jul-10","小港",23.07
1353,"高雄市","Kaohsiung","2010",6,"Jun-10","左營",20.57
1354,"高雄市","Kaohsiung","2010",6,"Jun-10","楠梓",20.74
1355,"高雄市","Kaohsiung","2010",6,"Jun-10","鳳山",22.41
1356,"高雄市","Kaohsiung","2010",6,"Jun-10","小港",24.65
1357,"高雄市","Kaohsiung","2010",6,"Jun-10","復興",27.87
1358,"高雄市","Kaohsiung","2010",6,"Jun-10","前鎮",23.47
1359,"高雄市","Kaohsiung","2010",6,"Jun-10","前金",20.58
1360,"高雄市","Kaohsiung","2010",6,"Jun-10","美濃",8.88
1361,"高雄市","Kaohsiung","2010",6,"Jun-10","仁武",22.05
1362,"高雄市","Kaohsiung","2010",6,"Jun-10","橋頭",17.1
1363,"高雄市","Kaohsiung","2010",6,"Jun-10","大寮",16.12
1364,"高雄市","Kaohsiung","2010",6,"Jun-10","林園",11.37
1365,"高雄市","Kaohsiung","2010",5,"May-10","左營",17.74
1366,"高雄市","Kaohsiung","2010",5,"May-10","大寮",18.81
1367,"高雄市","Kaohsiung","2010",5,"May-10","美濃",10.74
1368,"高雄市","Kaohsiung","2010",5,"May-10","仁武",23.79
1369,"高雄市","Kaohsiung","2010",5,"May-10","前鎮",21.76
1370,"高雄市","Kaohsiung","2010",5,"May-10","橋頭",17.95
1371,"高雄市","Kaohsiung","2010",5,"May-10","復興",27.11
1372,"高雄市","Kaohsiung","2010",5,"May-10","楠梓",19.01
1373,"高雄市","Kaohsiung","2010",5,"May-10","小港",25.12
1374,"高雄市","Kaohsiung","2010",5,"May-10","林園",11.51
1375,"高雄市","Kaohsiung","2010",5,"May-10","前金",18.46
1376,"高雄市","Kaohsiung","2010",5,"May-10","鳳山",24.03
1377,"高雄市","Kaohsiung","2010",4,"Apr-10","大寮",26.54
1378,"高雄市","Kaohsiung","2010",4,"Apr-10","橋頭",26.23
1379,"高雄市","Kaohsiung","2010",4,"Apr-10","前鎮",30.91
1380,"高雄市","Kaohsiung","2010",4,"Apr-10","小港",36.75
1381,"高雄市","Kaohsiung","2010",4,"Apr-10","楠梓",26
1382,"高雄市","Kaohsiung","2010",4,"Apr-10","左營",25.88
1383,"高雄市","Kaohsiung","2010",4,"Apr-10","林園",22.23
1384,"高雄市","Kaohsiung","2010",4,"Apr-10","前金",26.96
1385,"高雄市","Kaohsiung","2010",4,"Apr-10","復興",36.99
1386,"高雄市","Kaohsiung","2010",4,"Apr-10","美濃",14.61
1387,"高雄市","Kaohsiung","2010",4,"Apr-10","鳳山",31.79
1388,"高雄市","Kaohsiung","2010",4,"Apr-10","仁武",31.01
1389,"高雄市","Kaohsiung","2010",3,"Mar-10","左營",26.37
1390,"高雄市","Kaohsiung","2010",3,"Mar-10","前金",27.03
1391,"高雄市","Kaohsiung","2010",3,"Mar-10","前鎮",31.21
1392,"高雄市","Kaohsiung","2010",3,"Mar-10","復興",36.59
1393,"高雄市","Kaohsiung","2010",3,"Mar-10","小港",36.37
1394,"高雄市","Kaohsiung","2010",3,"Mar-10","楠梓",26.99
1395,"高雄市","Kaohsiung","2010",3,"Mar-10","鳳山",30.25
1396,"高雄市","Kaohsiung","2010",3,"Mar-10","林園",20.54
1397,"高雄市","Kaohsiung","2010",3,"Mar-10","仁武",32.17
1398,"高雄市","Kaohsiung","2010",3,"Mar-10","大寮",26
1399,"高雄市","Kaohsiung","2010",3,"Mar-10","橋頭",25.2
1400,"高雄市","Kaohsiung","2010",3,"Mar-10","美濃",14.49
1401,"高雄市","Kaohsiung","2010",2,"Feb-10","橋頭",27.77
1402,"高雄市","Kaohsiung","2010",2,"Feb-10","美濃",15.45
1403,"高雄市","Kaohsiung","2010",2,"Feb-10","左營",29.95
1404,"高雄市","Kaohsiung","2010",2,"Feb-10","前金",31.81
1405,"高雄市","Kaohsiung","2010",2,"Feb-10","林園",29.62
1406,"高雄市","Kaohsiung","2010",2,"Feb-10","小港",42.87
1407,"高雄市","Kaohsiung","2010",2,"Feb-10","鳳山",36.44
1408,"高雄市","Kaohsiung","2010",2,"Feb-10","仁武",36.81
1409,"高雄市","Kaohsiung","2010",2,"Feb-10","復興",41.89
1410,"高雄市","Kaohsiung","2010",2,"Feb-10","大寮",29.66
1411,"高雄市","Kaohsiung","2010",2,"Feb-10","前鎮",37.87
1412,"高雄市","Kaohsiung","2010",2,"Feb-10","楠梓",29.55
1413,"高雄市","Kaohsiung","2010",1,"Jan-10","仁武",45.31
1414,"高雄市","Kaohsiung","2010",1,"Jan-10","復興",51.98
1415,"高雄市","Kaohsiung","2010",1,"Jan-10","林園",36.03
1416,"高雄市","Kaohsiung","2010",1,"Jan-10","鳳山",45.99
1417,"高雄市","Kaohsiung","2010",1,"Jan-10","前金",35.88
1418,"高雄市","Kaohsiung","2010",1,"Jan-10","橋頭",34.2
1419,"高雄市","Kaohsiung","2010",1,"Jan-10","前鎮",44.63
1420,"高雄市","Kaohsiung","2010",1,"Jan-10","楠梓",34.32
1421,"高雄市","Kaohsiung","2010",1,"Jan-10","小港",55.17
1422,"高雄市","Kaohsiung","2010",1,"Jan-10","美濃",19.86
1423,"高雄市","Kaohsiung","2010",1,"Jan-10","大寮",38.1
1424,"屏東縣","Pingtung","2019",11,"Nov-19","潮州",12.09
1425,"屏東縣","Pingtung","2019",11,"Nov-19","恆春",2.25
1426,"屏東縣","Pingtung","2019",11,"Nov-19","屏東",16.1
1427,"屏東縣","Pingtung","2019",10,"Oct-19","屏東",11.7
1428,"屏東縣","Pingtung","2019",10,"Oct-19","潮州",7.85
1429,"屏東縣","Pingtung","2019",10,"Oct-19","恆春",2.3
1430,"屏東縣","Pingtung","2019",9,"Sep-19","潮州",6.11
1431,"屏東縣","Pingtung","2019",9,"Sep-19","恆春",2.51
1432,"屏東縣","Pingtung","2019",9,"Sep-19","屏東",9.86
1433,"屏東縣","Pingtung","2019",8,"Aug-19","屏東",9.66
1434,"屏東縣","Pingtung","2019",8,"Aug-19","恆春",2.12
1435,"屏東縣","Pingtung","2019",8,"Aug-19","潮州",5.06
1436,"屏東縣","Pingtung","2019",7,"Jul-19","屏東",9.51
1437,"屏東縣","Pingtung","2019",7,"Jul-19","恆春",2.13
1438,"屏東縣","Pingtung","2019",7,"Jul-19","潮州",5.67
1439,"屏東縣","Pingtung","2019",6,"Jun-19","恆春",NA
1440,"屏東縣","Pingtung","2019",6,"Jun-19","潮州",6.16
1441,"屏東縣","Pingtung","2019",6,"Jun-19","屏東",9.58
1442,"屏東縣","Pingtung","2019",5,"May-19","屏東",11.21
1443,"屏東縣","Pingtung","2019",5,"May-19","潮州",7.66
1444,"屏東縣","Pingtung","2019",5,"May-19","恆春",2.31
1445,"屏東縣","Pingtung","2019",4,"Apr-19","屏東",11.96
1446,"屏東縣","Pingtung","2019",4,"Apr-19","潮州",10.16
1447,"屏東縣","Pingtung","2019",4,"Apr-19","恆春",2.82
1448,"屏東縣","Pingtung","2019",3,"Mar-19","恆春",2.59
1449,"屏東縣","Pingtung","2019",3,"Mar-19","屏東",15.06
1450,"屏東縣","Pingtung","2019",3,"Mar-19","潮州",12.7
1451,"屏東縣","Pingtung","2019",2,"Feb-19","潮州",12.44
1452,"屏東縣","Pingtung","2019",2,"Feb-19","恆春",2.44
1453,"屏東縣","Pingtung","2019",2,"Feb-19","屏東",14.3
1454,"屏東縣","Pingtung","2019",1,"Jan-19","屏東",18.99
1455,"屏東縣","Pingtung","2019",1,"Jan-19","恆春",2.65
1456,"屏東縣","Pingtung","2019",1,"Jan-19","潮州",17.25
1457,"屏東縣","Pingtung","2018",12,"Dec-18","潮州",15.82
1458,"屏東縣","Pingtung","2018",12,"Dec-18","恆春",2.64
1459,"屏東縣","Pingtung","2018",12,"Dec-18","屏東",18.43
1460,"屏東縣","Pingtung","2018",11,"Nov-18","潮州",12.4
1461,"屏東縣","Pingtung","2018",11,"Nov-18","恆春",2.82
1462,"屏東縣","Pingtung","2018",11,"Nov-18","屏東",16.45
1463,"屏東縣","Pingtung","2018",10,"Oct-18","潮州",9
1464,"屏東縣","Pingtung","2018",10,"Oct-18","屏東",13.66
1465,"屏東縣","Pingtung","2018",10,"Oct-18","恆春",3.07
1466,"屏東縣","Pingtung","2018",9,"Sep-18","屏東",10.5
1467,"屏東縣","Pingtung","2018",9,"Sep-18","恆春",2.76
1468,"屏東縣","Pingtung","2018",9,"Sep-18","潮州",7.22
1469,"屏東縣","Pingtung","2018",8,"Aug-18","屏東",10.42
1470,"屏東縣","Pingtung","2018",8,"Aug-18","潮州",5.46
1471,"屏東縣","Pingtung","2018",8,"Aug-18","恆春",2.32
1472,"屏東縣","Pingtung","2018",7,"Jul-18","屏東",10.61
1473,"屏東縣","Pingtung","2018",7,"Jul-18","潮州",6.38
1474,"屏東縣","Pingtung","2018",7,"Jul-18","恆春",2.2
1475,"屏東縣","Pingtung","2018",6,"Jun-18","恆春",2.25
1476,"屏東縣","Pingtung","2018",6,"Jun-18","潮州",7.12
1477,"屏東縣","Pingtung","2018",6,"Jun-18","屏東",11.95
1478,"屏東縣","Pingtung","2018",5,"May-18","潮州",7.76
1479,"屏東縣","Pingtung","2018",5,"May-18","恆春",2.27
1480,"屏東縣","Pingtung","2018",5,"May-18","屏東",12.44
1481,"屏東縣","Pingtung","2018",4,"Apr-18","潮州",10.18
1482,"屏東縣","Pingtung","2018",4,"Apr-18","恆春",2.27
1483,"屏東縣","Pingtung","2018",4,"Apr-18","屏東",13.7
1484,"屏東縣","Pingtung","2018",3,"Mar-18","潮州",11.97
1485,"屏東縣","Pingtung","2018",3,"Mar-18","屏東",16.21
1486,"屏東縣","Pingtung","2018",3,"Mar-18","恆春",2.42
1487,"屏東縣","Pingtung","2018",2,"Feb-18","潮州",14.69
1488,"屏東縣","Pingtung","2018",2,"Feb-18","屏東",18.31
1489,"屏東縣","Pingtung","2018",2,"Feb-18","恆春",2.46
1490,"屏東縣","Pingtung","2018",1,"Jan-18","屏東",21.44
1491,"屏東縣","Pingtung","2018",1,"Jan-18","恆春",2.64
1492,"屏東縣","Pingtung","2018",1,"Jan-18","潮州",16.79
1493,"屏東縣","Pingtung","2017",12,"Dec-17","潮州",17.32
1494,"屏東縣","Pingtung","2017",12,"Dec-17","恆春",3.01
1495,"屏東縣","Pingtung","2017",12,"Dec-17","屏東",18.45
1496,"屏東縣","Pingtung","2017",11,"Nov-17","潮州",14.82
1497,"屏東縣","Pingtung","2017",11,"Nov-17","恆春",2.96
1498,"屏東縣","Pingtung","2017",11,"Nov-17","屏東",18.55
1499,"屏東縣","Pingtung","2017",10,"Oct-17","潮州",9.66
1500,"屏東縣","Pingtung","2017",10,"Oct-17","屏東",13.49
1501,"屏東縣","Pingtung","2017",10,"Oct-17","恆春",2.98
1502,"屏東縣","Pingtung","2017",9,"Sep-17","屏東",11.59
1503,"屏東縣","Pingtung","2017",9,"Sep-17","恆春",3.03
1504,"屏東縣","Pingtung","2017",9,"Sep-17","潮州",6.92
1505,"屏東縣","Pingtung","2017",8,"Aug-17","屏東",11.28
1506,"屏東縣","Pingtung","2017",8,"Aug-17","潮州",6.82
1507,"屏東縣","Pingtung","2017",8,"Aug-17","恆春",3.32
1508,"屏東縣","Pingtung","2017",7,"Jul-17","屏東",11.07
1509,"屏東縣","Pingtung","2017",7,"Jul-17","潮州",7.57
1510,"屏東縣","Pingtung","2017",7,"Jul-17","恆春",2.55
1511,"屏東縣","Pingtung","2017",6,"Jun-17","恆春",2.97
1512,"屏東縣","Pingtung","2017",6,"Jun-17","潮州",6.67
1513,"屏東縣","Pingtung","2017",6,"Jun-17","屏東",11.04
1514,"屏東縣","Pingtung","2017",5,"May-17","潮州",9.07
1515,"屏東縣","Pingtung","2017",5,"May-17","恆春",2.64
1516,"屏東縣","Pingtung","2017",5,"May-17","屏東",13.55
1517,"屏東縣","Pingtung","2017",4,"Apr-17","潮州",11.71
1518,"屏東縣","Pingtung","2017",4,"Apr-17","恆春",3.01
1519,"屏東縣","Pingtung","2017",4,"Apr-17","屏東",15.83
1520,"屏東縣","Pingtung","2017",3,"Mar-17","潮州",15.06
1521,"屏東縣","Pingtung","2017",3,"Mar-17","屏東",18.16
1522,"屏東縣","Pingtung","2017",3,"Mar-17","恆春",2.83
1523,"屏東縣","Pingtung","2017",2,"Feb-17","潮州",18
1524,"屏東縣","Pingtung","2017",2,"Feb-17","屏東",19.82
1525,"屏東縣","Pingtung","2017",2,"Feb-17","恆春",2.72
1526,"屏東縣","Pingtung","2017",1,"Jan-17","屏東",21.72
1527,"屏東縣","Pingtung","2017",1,"Jan-17","恆春",2.57
1528,"屏東縣","Pingtung","2017",1,"Jan-17","潮州",18.79
1529,"屏東縣","Pingtung","2016",12,"Dec-16","潮州",18.57
1530,"屏東縣","Pingtung","2016",12,"Dec-16","恆春",3.23
1531,"屏東縣","Pingtung","2016",12,"Dec-16","屏東",22.83
1532,"屏東縣","Pingtung","2016",11,"Nov-16","恆春",5.32
1533,"屏東縣","Pingtung","2016",11,"Nov-16","屏東",18.82
1534,"屏東縣","Pingtung","2016",11,"Nov-16","潮州",13.85
1535,"屏東縣","Pingtung","2016",10,"Oct-16","恆春",3.73
1536,"屏東縣","Pingtung","2016",10,"Oct-16","屏東",14.3
1537,"屏東縣","Pingtung","2016",10,"Oct-16","潮州",13.5
1538,"屏東縣","Pingtung","2016",9,"Sep-16","屏東",11.88
1539,"屏東縣","Pingtung","2016",9,"Sep-16","恆春",NA
1540,"屏東縣","Pingtung","2016",9,"Sep-16","潮州",11.74
1541,"屏東縣","Pingtung","2016",8,"Aug-16","恆春",3.39
1542,"屏東縣","Pingtung","2016",8,"Aug-16","屏東",11.77
1543,"屏東縣","Pingtung","2016",8,"Aug-16","潮州",8.64
1544,"屏東縣","Pingtung","2016",7,"Jul-16","恆春",3.52
1545,"屏東縣","Pingtung","2016",7,"Jul-16","潮州",5.69
1546,"屏東縣","Pingtung","2016",7,"Jul-16","屏東",10.08
1547,"屏東縣","Pingtung","2016",6,"Jun-16","潮州",5.92
1548,"屏東縣","Pingtung","2016",6,"Jun-16","恆春",3.96
1549,"屏東縣","Pingtung","2016",6,"Jun-16","屏東",10.86
1550,"屏東縣","Pingtung","2016",5,"May-16","潮州",6.71
1551,"屏東縣","Pingtung","2016",5,"May-16","恆春",4.5
1552,"屏東縣","Pingtung","2016",5,"May-16","屏東",12.72
1553,"屏東縣","Pingtung","2016",4,"Apr-16","潮州",8.73
1554,"屏東縣","Pingtung","2016",4,"Apr-16","恆春",4.57
1555,"屏東縣","Pingtung","2016",4,"Apr-16","屏東",15.61
1556,"屏東縣","Pingtung","2016",3,"Mar-16","潮州",14.82
1557,"屏東縣","Pingtung","2016",3,"Mar-16","屏東",20.36
1558,"屏東縣","Pingtung","2016",3,"Mar-16","恆春",4.27
1559,"屏東縣","Pingtung","2016",2,"Feb-16","恆春",4.32
1560,"屏東縣","Pingtung","2016",2,"Feb-16","潮州",15.88
1561,"屏東縣","Pingtung","2016",2,"Feb-16","屏東",18.92
1562,"屏東縣","Pingtung","2016",1,"Jan-16","潮州",16.14
1563,"屏東縣","Pingtung","2016",1,"Jan-16","恆春",4.54
1564,"屏東縣","Pingtung","2016",1,"Jan-16","屏東",21.56
1565,"屏東縣","Pingtung","2015",12,"Dec-15","潮州",16.77
1566,"屏東縣","Pingtung","2015",12,"Dec-15","恆春",4.1
1567,"屏東縣","Pingtung","2015",12,"Dec-15","屏東",20.58
1568,"屏東縣","Pingtung","2015",11,"Nov-15","恆春",3.54
1569,"屏東縣","Pingtung","2015",11,"Nov-15","潮州",10.28
1570,"屏東縣","Pingtung","2015",11,"Nov-15","屏東",17.13
1571,"屏東縣","Pingtung","2015",10,"Oct-15","屏東",13.71
1572,"屏東縣","Pingtung","2015",10,"Oct-15","恆春",3.09
1573,"屏東縣","Pingtung","2015",10,"Oct-15","潮州",7.36
1574,"屏東縣","Pingtung","2015",9,"Sep-15","潮州",6.17
1575,"屏東縣","Pingtung","2015",9,"Sep-15","屏東",11.52
1576,"屏東縣","Pingtung","2015",9,"Sep-15","恆春",3.72
1577,"屏東縣","Pingtung","2015",8,"Aug-15","恆春",3.64
1578,"屏東縣","Pingtung","2015",8,"Aug-15","潮州",5.89
1579,"屏東縣","Pingtung","2015",8,"Aug-15","屏東",11.43
1580,"屏東縣","Pingtung","2015",7,"Jul-15","屏東",10.45
1581,"屏東縣","Pingtung","2015",7,"Jul-15","潮州",5.75
1582,"屏東縣","Pingtung","2015",7,"Jul-15","恆春",3.41
1583,"屏東縣","Pingtung","2015",6,"Jun-15","潮州",8.01
1584,"屏東縣","Pingtung","2015",6,"Jun-15","恆春",3.12
1585,"屏東縣","Pingtung","2015",6,"Jun-15","屏東",11.31
1586,"屏東縣","Pingtung","2015",5,"May-15","屏東",13.45
1587,"屏東縣","Pingtung","2015",5,"May-15","潮州",9.58
1588,"屏東縣","Pingtung","2015",5,"May-15","恆春",3.64
1589,"屏東縣","Pingtung","2015",4,"Apr-15","恆春",3.79
1590,"屏東縣","Pingtung","2015",4,"Apr-15","潮州",12.42
1591,"屏東縣","Pingtung","2015",4,"Apr-15","屏東",14.85
1592,"屏東縣","Pingtung","2015",3,"Mar-15","屏東",19.46
1593,"屏東縣","Pingtung","2015",3,"Mar-15","潮州",15.4
1594,"屏東縣","Pingtung","2015",3,"Mar-15","恆春",3.44
1595,"屏東縣","Pingtung","2015",2,"Feb-15","恆春",3.56
1596,"屏東縣","Pingtung","2015",2,"Feb-15","潮州",16.45
1597,"屏東縣","Pingtung","2015",2,"Feb-15","屏東",18.91
1598,"屏東縣","Pingtung","2015",1,"Jan-15","屏東",23.17
1599,"屏東縣","Pingtung","2015",1,"Jan-15","恆春",3.74
1600,"屏東縣","Pingtung","2015",1,"Jan-15","潮州",18.49
1601,"屏東縣","Pingtung","2014",12,"Dec-14","潮州",20.21
1602,"屏東縣","Pingtung","2014",12,"Dec-14","恆春",3.57
1603,"屏東縣","Pingtung","2014",12,"Dec-14","屏東",26.42
1604,"屏東縣","Pingtung","2014",11,"Nov-14","潮州",12.43
1605,"屏東縣","Pingtung","2014",11,"Nov-14","恆春",3.87
1606,"屏東縣","Pingtung","2014",11,"Nov-14","屏東",19.32
1607,"屏東縣","Pingtung","2014",10,"Oct-14","潮州",9.47
1608,"屏東縣","Pingtung","2014",10,"Oct-14","屏東",15.9
1609,"屏東縣","Pingtung","2014",10,"Oct-14","恆春",3.42
1610,"屏東縣","Pingtung","2014",9,"Sep-14","屏東",12.49
1611,"屏東縣","Pingtung","2014",9,"Sep-14","恆春",3.19
1612,"屏東縣","Pingtung","2014",9,"Sep-14","潮州",7.26
1613,"屏東縣","Pingtung","2014",8,"Aug-14","屏東",12.09
1614,"屏東縣","Pingtung","2014",8,"Aug-14","潮州",6.55
1615,"屏東縣","Pingtung","2014",8,"Aug-14","恆春",3.89
1616,"屏東縣","Pingtung","2014",7,"Jul-14","屏東",12.35
1617,"屏東縣","Pingtung","2014",7,"Jul-14","潮州",7.09
1618,"屏東縣","Pingtung","2014",7,"Jul-14","恆春",3.11
1619,"屏東縣","Pingtung","2014",6,"Jun-14","恆春",3.03
1620,"屏東縣","Pingtung","2014",6,"Jun-14","潮州",6.43
1621,"屏東縣","Pingtung","2014",6,"Jun-14","屏東",12.73
1622,"屏東縣","Pingtung","2014",5,"May-14","潮州",10.37
1623,"屏東縣","Pingtung","2014",5,"May-14","恆春",2.88
1624,"屏東縣","Pingtung","2014",5,"May-14","屏東",15.8
1625,"屏東縣","Pingtung","2014",4,"Apr-14","潮州",10.48
1626,"屏東縣","Pingtung","2014",4,"Apr-14","恆春",2.4
1627,"屏東縣","Pingtung","2014",4,"Apr-14","屏東",15.63
1628,"屏東縣","Pingtung","2014",3,"Mar-14","潮州",13.95
1629,"屏東縣","Pingtung","2014",3,"Mar-14","屏東",20.38
1630,"屏東縣","Pingtung","2014",3,"Mar-14","恆春",2.23
1631,"屏東縣","Pingtung","2014",2,"Feb-14","潮州",14.93
1632,"屏東縣","Pingtung","2014",2,"Feb-14","屏東",19.77
1633,"屏東縣","Pingtung","2014",2,"Feb-14","恆春",2.02
1634,"屏東縣","Pingtung","2014",1,"Jan-14","屏東",22.28
1635,"屏東縣","Pingtung","2014",1,"Jan-14","恆春",2.98
1636,"屏東縣","Pingtung","2014",1,"Jan-14","潮州",NA
1637,"屏東縣","Pingtung","2013",12,"Dec-13","潮州",16.45
1638,"屏東縣","Pingtung","2013",12,"Dec-13","恆春",3.35
1639,"屏東縣","Pingtung","2013",12,"Dec-13","屏東",23.6
1640,"屏東縣","Pingtung","2013",11,"Nov-13","潮州",13.25
1641,"屏東縣","Pingtung","2013",11,"Nov-13","恆春",2.66
1642,"屏東縣","Pingtung","2013",11,"Nov-13","屏東",20.65
1643,"屏東縣","Pingtung","2013",10,"Oct-13","潮州",8.56
1644,"屏東縣","Pingtung","2013",10,"Oct-13","屏東",15.67
1645,"屏東縣","Pingtung","2013",10,"Oct-13","恆春",2.18
1646,"屏東縣","Pingtung","2013",9,"Sep-13","屏東",13.74
1647,"屏東縣","Pingtung","2013",9,"Sep-13","恆春",2.13
1648,"屏東縣","Pingtung","2013",9,"Sep-13","潮州",5.91
1649,"屏東縣","Pingtung","2013",8,"Aug-13","屏東",12.84
1650,"屏東縣","Pingtung","2013",8,"Aug-13","潮州",5.35
1651,"屏東縣","Pingtung","2013",8,"Aug-13","恆春",2.51
1652,"屏東縣","Pingtung","2013",7,"Jul-13","屏東",11.6
1653,"屏東縣","Pingtung","2013",7,"Jul-13","潮州",6.45
1654,"屏東縣","Pingtung","2013",7,"Jul-13","恆春",2.18
1655,"屏東縣","Pingtung","2013",6,"Jun-13","恆春",1.91
1656,"屏東縣","Pingtung","2013",6,"Jun-13","潮州",7.2
1657,"屏東縣","Pingtung","2013",6,"Jun-13","屏東",12.29
1658,"屏東縣","Pingtung","2013",5,"May-13","潮州",7.75
1659,"屏東縣","Pingtung","2013",5,"May-13","恆春",2
1660,"屏東縣","Pingtung","2013",5,"May-13","屏東",15.43
1661,"屏東縣","Pingtung","2013",4,"Apr-13","潮州",12.86
1662,"屏東縣","Pingtung","2013",4,"Apr-13","恆春",2.74
1663,"屏東縣","Pingtung","2013",4,"Apr-13","屏東",17.81
1664,"屏東縣","Pingtung","2013",3,"Mar-13","潮州",13.68
1665,"屏東縣","Pingtung","2013",3,"Mar-13","屏東",18.34
1666,"屏東縣","Pingtung","2013",3,"Mar-13","恆春",2.43
1667,"屏東縣","Pingtung","2013",2,"Feb-13","潮州",13.56
1668,"屏東縣","Pingtung","2013",2,"Feb-13","屏東",17.24
1669,"屏東縣","Pingtung","2013",2,"Feb-13","恆春",1.85
1670,"屏東縣","Pingtung","2013",1,"Jan-13","屏東",21.33
1671,"屏東縣","Pingtung","2013",1,"Jan-13","恆春",2.26
1672,"屏東縣","Pingtung","2013",1,"Jan-13","潮州",17.56
1673,"屏東縣","Pingtung","2012",12,"Dec-12","潮州",15.56
1674,"屏東縣","Pingtung","2012",12,"Dec-12","恆春",2.72
1675,"屏東縣","Pingtung","2012",12,"Dec-12","屏東",20.8
1676,"屏東縣","Pingtung","2012",11,"Nov-12","潮州",11.84
1677,"屏東縣","Pingtung","2012",11,"Nov-12","恆春",2.57
1678,"屏東縣","Pingtung","2012",11,"Nov-12","屏東",20.41
1679,"屏東縣","Pingtung","2012",10,"Oct-12","潮州",8.82
1680,"屏東縣","Pingtung","2012",10,"Oct-12","屏東",16.17
1681,"屏東縣","Pingtung","2012",10,"Oct-12","恆春",2.49
1682,"屏東縣","Pingtung","2012",9,"Sep-12","屏東",14.21
1683,"屏東縣","Pingtung","2012",9,"Sep-12","恆春",2.51
1684,"屏東縣","Pingtung","2012",9,"Sep-12","潮州",6.6
1685,"屏東縣","Pingtung","2012",8,"Aug-12","屏東",14.08
1686,"屏東縣","Pingtung","2012",8,"Aug-12","潮州",5.56
1687,"屏東縣","Pingtung","2012",8,"Aug-12","恆春",3.31
1688,"屏東縣","Pingtung","2012",7,"Jul-12","屏東",12.75
1689,"屏東縣","Pingtung","2012",7,"Jul-12","潮州",7.94
1690,"屏東縣","Pingtung","2012",7,"Jul-12","恆春",2.96
1691,"屏東縣","Pingtung","2012",6,"Jun-12","恆春",2.37
1692,"屏東縣","Pingtung","2012",6,"Jun-12","潮州",5.1
1693,"屏東縣","Pingtung","2012",6,"Jun-12","屏東",13.55
1694,"屏東縣","Pingtung","2012",5,"May-12","潮州",7.21
1695,"屏東縣","Pingtung","2012",5,"May-12","恆春",3.43
1696,"屏東縣","Pingtung","2012",5,"May-12","屏東",13.7
1697,"屏東縣","Pingtung","2012",4,"Apr-12","潮州",9.58
1698,"屏東縣","Pingtung","2012",4,"Apr-12","恆春",3.9
1699,"屏東縣","Pingtung","2012",4,"Apr-12","屏東",16.07
1700,"屏東縣","Pingtung","2012",3,"Mar-12","潮州",14.67
1701,"屏東縣","Pingtung","2012",3,"Mar-12","屏東",19.56
1702,"屏東縣","Pingtung","2012",3,"Mar-12","恆春",3.71
1703,"屏東縣","Pingtung","2012",2,"Feb-12","潮州",18.2
1704,"屏東縣","Pingtung","2012",2,"Feb-12","屏東",21.19
1705,"屏東縣","Pingtung","2012",2,"Feb-12","恆春",4.73
1706,"屏東縣","Pingtung","2012",1,"Jan-12","屏東",20.22
1707,"屏東縣","Pingtung","2012",1,"Jan-12","恆春",4.66
1708,"屏東縣","Pingtung","2012",1,"Jan-12","潮州",18.15
1709,"屏東縣","Pingtung","2011",12,"Dec-11","恆春",5.21
1710,"屏東縣","Pingtung","2011",12,"Dec-11","潮州",19.79
1711,"屏東縣","Pingtung","2011",12,"Dec-11","屏東",22.53
1712,"屏東縣","Pingtung","2011",11,"Nov-11","潮州",12.62
1713,"屏東縣","Pingtung","2011",11,"Nov-11","恆春",4.34
1714,"屏東縣","Pingtung","2011",11,"Nov-11","屏東",19.2
1715,"屏東縣","Pingtung","2011",10,"Oct-11","恆春",3.98
1716,"屏東縣","Pingtung","2011",10,"Oct-11","屏東",16.49
1717,"屏東縣","Pingtung","2011",10,"Oct-11","潮州",9.48
1718,"屏東縣","Pingtung","2011",9,"Sep-11","恆春",3.98
1719,"屏東縣","Pingtung","2011",9,"Sep-11","潮州",8.05
1720,"屏東縣","Pingtung","2011",9,"Sep-11","屏東",13.22
1721,"屏東縣","Pingtung","2011",8,"Aug-11","恆春",3.77
1722,"屏東縣","Pingtung","2011",8,"Aug-11","屏東",11.22
1723,"屏東縣","Pingtung","2011",8,"Aug-11","潮州",6.91
1724,"屏東縣","Pingtung","2011",7,"Jul-11","屏東",12.68
1725,"屏東縣","Pingtung","2011",7,"Jul-11","潮州",6.97
1726,"屏東縣","Pingtung","2011",7,"Jul-11","恆春",3.28
1727,"屏東縣","Pingtung","2011",6,"Jun-11","屏東",12.63
1728,"屏東縣","Pingtung","2011",6,"Jun-11","潮州",8.46
1729,"屏東縣","Pingtung","2011",6,"Jun-11","恆春",3.11
1730,"屏東縣","Pingtung","2011",5,"May-11","恆春",3.41
1731,"屏東縣","Pingtung","2011",5,"May-11","潮州",11.75
1732,"屏東縣","Pingtung","2011",5,"May-11","屏東",15.19
1733,"屏東縣","Pingtung","2011",4,"Apr-11","潮州",13.55
1734,"屏東縣","Pingtung","2011",4,"Apr-11","屏東",17.4
1735,"屏東縣","Pingtung","2011",4,"Apr-11","恆春",3.38
1736,"屏東縣","Pingtung","2011",3,"Mar-11","潮州",18.85
1737,"屏東縣","Pingtung","2011",3,"Mar-11","屏東",22.2
1738,"屏東縣","Pingtung","2011",3,"Mar-11","恆春",3.99
1739,"屏東縣","Pingtung","2011",2,"Feb-11","屏東",22.61
1740,"屏東縣","Pingtung","2011",2,"Feb-11","潮州",18.81
1741,"屏東縣","Pingtung","2011",2,"Feb-11","恆春",3.6
1742,"屏東縣","Pingtung","2011",1,"Jan-11","恆春",4.37
1743,"屏東縣","Pingtung","2011",1,"Jan-11","屏東",26.47
1744,"屏東縣","Pingtung","2011",1,"Jan-11","潮州",23.73
1745,"屏東縣","Pingtung","2010",12,"Dec-10","潮州",19.19
1746,"屏東縣","Pingtung","2010",12,"Dec-10","屏東",24.93
1747,"屏東縣","Pingtung","2010",12,"Dec-10","恆春",4.42
1748,"屏東縣","Pingtung","2010",11,"Nov-10","潮州",16.16
1749,"屏東縣","Pingtung","2010",11,"Nov-10","屏東",21.97
1750,"屏東縣","Pingtung","2010",11,"Nov-10","恆春",3.62
1751,"屏東縣","Pingtung","2010",10,"Oct-10","潮州",10.66
1752,"屏東縣","Pingtung","2010",10,"Oct-10","屏東",18
1753,"屏東縣","Pingtung","2010",10,"Oct-10","恆春",3.28
1754,"屏東縣","Pingtung","2010",9,"Sep-10","潮州",6.48
1755,"屏東縣","Pingtung","2010",9,"Sep-10","恆春",3.56
1756,"屏東縣","Pingtung","2010",9,"Sep-10","屏東",15.03
1757,"屏東縣","Pingtung","2010",8,"Aug-10","恆春",4.83
1758,"屏東縣","Pingtung","2010",8,"Aug-10","潮州",6.79
1759,"屏東縣","Pingtung","2010",8,"Aug-10","屏東",14.74
1760,"屏東縣","Pingtung","2010",7,"Jul-10","屏東",14.41
1761,"屏東縣","Pingtung","2010",7,"Jul-10","潮州",8.86
1762,"屏東縣","Pingtung","2010",7,"Jul-10","恆春",3.55
1763,"屏東縣","Pingtung","2010",6,"Jun-10","恆春",3.97
1764,"屏東縣","Pingtung","2010",6,"Jun-10","屏東",15.38
1765,"屏東縣","Pingtung","2010",6,"Jun-10","潮州",7.58
1766,"屏東縣","Pingtung","2010",5,"May-10","恆春",4.21
1767,"屏東縣","Pingtung","2010",5,"May-10","屏東",15.63
1768,"屏東縣","Pingtung","2010",5,"May-10","潮州",10.04
1769,"屏東縣","Pingtung","2010",4,"Apr-10","潮州",15.08
1770,"屏東縣","Pingtung","2010",4,"Apr-10","恆春",4.52
1771,"屏東縣","Pingtung","2010",4,"Apr-10","屏東",21.03
1772,"屏東縣","Pingtung","2010",3,"Mar-10","屏東",21.78
1773,"屏東縣","Pingtung","2010",3,"Mar-10","恆春",4.08
1774,"屏東縣","Pingtung","2010",3,"Mar-10","潮州",14.73
1775,"屏東縣","Pingtung","2010",2,"Feb-10","潮州",16.31
1776,"屏東縣","Pingtung","2010",2,"Feb-10","恆春",5.05
1777,"屏東縣","Pingtung","2010",2,"Feb-10","屏東",23.47
1778,"屏東縣","Pingtung","2010",1,"Jan-10","屏東",28.57
1779,"屏東縣","Pingtung","2010",1,"Jan-10","潮州",22.09
1780,"屏東縣","Pingtung","2010",1,"Jan-10","恆春",3.93
